,airport,lon,lat,coutry,sub
0,,,,,
1,89NY,-75.8996733333333,44.3167172222222,US,New York
2,KEWR,-74.1686867777778,40.6924798333333,US,New Jersey
3,6IN6,-86.4766666666667,39.5488888888889,US,Indiana
4,EKCH,12.6560001373,55.6179008484,DK,Capital-Region
5,KCGS,-76.9223055555556,38.9805833333333,US,Maryland
6,CST7,-71.1825027466,46.5602989197,CA,Quebec
7,KFTY,-84.521366,33.7791263888889,US,Georgia
8,CNT6,-80.6031036377,43.5847015381,CA,Ontario
9,KGYY,-87.4145277777778,41.61725,US,Indiana
10,LEMD,-3.56676,40.4936,ES,Madrid
11,CYMW,-75.9906005859,46.2728004456,CA,Quebec
12,CTE5,-72.8482971191,46.6225013733,CA,Quebec
13,CYVB,-65.4602966309,48.0710983276,CA,Quebec
14,50OH,-83.7446722222222,39.6803527777778,US,Ohio
15,EPWA,20.9671001434,52.1656990051,PL,Mazovia
16,EGAA,-6.2158298492,54.6575012207,GB,Northern Ireland
17,SBBR,-47.9208335876,-15.8691673279,BR,Federal-District
18,EGPH,-3.3724999428,55.9500007629,GB,Scotland
19,KRZT,-83.0230555555556,39.4404166666667,US,Ohio
20,CMW3,-77.0955276489,45.1643383253,CA,Ontario
21,88WI,-87.8606530555555,44.5083269444444,US,Wisconsin
22,CYBG,-70.9963989258,48.3306007385,CA,Quebec
23,KFCI,-77.5248333333333,37.4064444444444,US,Virginia
24,KBFI,-122.301944444444,47.5299722222222,US,Washington
25,KU42,-111.992889166667,40.6195466666667,US,Utah
26,CCG4,-64.7686004639,46.1539001465,CA,New Brunswick
27,KPHF,-76.4929722222222,37.1318888888889,US,Virginia
28,KHTO,,,,
29,VG20,-75.7099288888889,37.6751311111111,US,Virginia
30,MT54,-114.244294722222,48.2438505555556,US,Montana
31,MI29,-83.79272,42.3764247222222,US,Michigan
32,KRIC,-77.3197386111111,37.5051811111111,US,Virginia
33,90NY,-77.2427777777778,42.9195083333333,US,New York
34,VA12,-79.7969805555555,36.6468041666667,US,Virginia
35,MA55,-70.2994644444444,41.3348436111111,US,Massachusetts
36,KAGC,-79.9290466666667,40.3544376388889,US,Pennsylvania
37,CTG3,-64.5643997192,48.3833007813,CA,Quebec
38,FD83,-81.3839594444445,28.2586233333333,US,Florida
39,EHRD,4.4372200966,51.9569015503,NL,South Holland
40,47MI,,,,
41,6NY2,,,,
42,2NC1,-80.8016416666667,34.9974388888889,US,North Carolina
43,KTOI,-86.0138888888889,31.86,US,Alabama
44,7FA8,-83.8582583333333,30.5256,US,Florida
45,KUMP,-86.0450677222222,39.9353984722222,US,Indiana
46,CNR9,-79.9278030396,45.9255981445,CA,Ontario
47,KFAF,-76.6089356666667,37.1326090555556,US,Virginia
48,KPDK,-84.3020305555555,33.8760019444444,US,Georgia
49,CSF7,-75.1715040207,45.299675051,CA,Ontario
50,CYMX,-74.0386962891,45.6795005798,CA,Quebec
51,1PN1,-80.4206236111111,41.3342219444444,US,Pennsylvania
52,EDDN,11.0669002533,49.4986991882,DE,Bayern
53,VT45,-72.9792936111111,44.5172727777778,US,Vermont
54,VT52,-73.1876313888889,44.6433797222222,US,Vermont
55,KPHN,-82.5288497222222,42.9109586111111,US,Michigan
56,4KY7,-84.6847222222222,38.8233333333333,US,Kentucky
57,46OI,,,,
58,CT51,,,,
59,KSUS,-90.6520555555556,38.6621111111111,US,Missouri
60,CYQA,-79.3032989502,44.9747009277,CA,Ontario
61,KBWI,-76.6689911111111,39.1757283333333,US,Maryland
62,2GA9,-83.9997222222222,33.8091666666667,US,Georgia
63,CDT5,-64.693901062,46.5093994141,CA,New Brunswick
64,CCR9,,,,
65,MPTO,-79.3834991455,9.0713596344,PA,Panama
66,SC24,-82.9136111111111,34.6716666666667,US,South Carolina
67,K20A,-86.3803888888889,33.9712777777778,US,Alabama
68,9NC9,-79.8950358333333,36.2101355555556,US,North Carolina
69,KFCM,-93.4585833333333,44.8275,US,Minnesota
70,CYRO,-75.6461029053,45.4603004456,CA,Ontario
71,LPPR,-8.6813898087,41.2481002808,PT,Porto
72,21XS,-95.2752136111111,29.5196786111111,US,Texas
73,KDEN,-104.673166666667,39.8616666666667,US,Colorado
74,PA84,-76.9092611111111,39.9538194444444,US,Pennsylvania
75,KMCI,-94.7138888888889,39.2976111111111,US,Missouri
76,PN64,-77.9393611111111,40.5023888888889,US,Pennsylvania
77,GA95,-84.5021502777778,33.5262238888889,US,Georgia
78,CYUY,-78.8356018066,48.2061004639,CA,Quebec
79,LSGG,6.1089501381,46.2380981445,CH,Geneva
80,BIRK,-21.9405994415,64.1299972534,IS,Capital Region
81,LFFI,-1.1775000095,47.4081001282,FR,Pays-de-la-Loire
82,EGPF,-4.4330601692,55.8718986511,GB,Scotland
83,KCVG,-84.6678208333333,39.0488375,US,Kentucky
84,LSZB,7.4971499443,46.914100647,CH,Bern
85,KATL,-84.427864,33.6366996111111,US,Georgia
86,28MA,-72.8181388888889,42.0798055555556,US,Massachusetts
87,7TS4,-96.0459722222222,32.0561666666667,US,Texas
88,KUAO,-122.770055555556,45.2471388888889,US,Oregon
89,CHD4,,,,
90,AZ63,-111.195833333333,32.5277777777778,US,Arizona
91,CT13,-71.8161816666667,41.8834313888889,US,Connecticut
92,82FL,,,,
93,CSK4,-72.4019012451,45.0264015198,CA,Quebec
94,TJSJ,-66.0021333333333,18.4393991666667,US,Puerto Rico
95,67KY,,,,
96,II85,-85.0491352777778,40.8961586111111,US,Indiana
97,EDDH,9.9882297516,53.6304016113,DE,Hamburg
98,VT01,-72.9373419444445,44.2825558333333,US,Vermont
99,CSS3,-74.0766983032,45.3474998474,CA,Quebec
100,SBGR,-46.4730567932,-23.4355564117,BR,São Paulo
101,CCY4,-63.7028007507,45.1175003052,CA,Nova Scotia
102,KSAV,-81.2021388888889,32.1275833333333,US,Georgia
103,KCSG,-84.9388611111111,32.5163333333333,US,Georgia
104,KCMI,-88.2765391666667,40.0385608333333,US,Illinois
105,88NY,-78.3583558333333,43.1578363888889,US,New York
106, CSJ4,,,,
107,CNF3,-75.0960998535,45.4860992432,CA,Ontario
108,IG04,,,,
109,KSUA,-80.2212933333333,27.1816991666667,US,Florida
110,KDWH,-95.5527884166667,30.0617791111111,US,Texas
111,CCW4,-63.9206008911,45.1006011963,CA,Nova Scotia
112,KPVC,-70.2207222222222,42.0722777777778,US,Massachusetts
113,KFZY,-76.3880555555556,43.3507777777778,US,New York
114,KPIT,-80.2326944444444,40.4914166666667,US,Pennsylvania
115,CTA4,-79.4180984497,47.4491996765,CA,Quebec
116,K55Y,-91.830095,43.815825,US,Minnesota
117,KWHP,-118.413433055556,34.2593252777778,US,California
118,PN66,-79.3636488888889,40.4256233333333,US,Pennsylvania
119,KLNA,-80.0850646111111,26.5930555555556,US,Florida
120,2MD3,-77.3453333333333,39.229,US,Maryland
121,KBNA,-86.6781805555556,36.124475,US,Tennessee
122,78MI,-83.3035413888889,42.0405994444444,US,Michigan
123,MDMA,-68.799099,18.501933,DO,La Altagracia
124,MMSM,-99.0164031982,19.7553005219,MX,Mexico
125,KGVL,-83.8302261111111,34.2726263888889,US,Georgia
126,EETN,24.8327999115,59.4132995605,EE,Harjumaa
127,CRE3,-80.6983566284,43.0643730519,CA,Ontario
128,UUWW,37.2615013123,55.5914993286,RU,Moscow
129,MA72,,,,
130,LFHN,5.8061099052,46.1241989136,FR,Auvergne-Rhone-Alpes
131,KLNN,-81.38975,41.6840277777778,US,Ohio
132,KBTL,-85.2500889444444,42.3064728055556,US,Michigan
133,KSDC,-77.1194638888889,43.2345975,US,New York
134,EDDF,8.543129921,50.0264015198,DE,Hesse
135,KHYI,-97.863,29.89275,US,Texas
136,KHWV,-72.8669072222222,40.8219541666667,US,New York
137,2NH5,-72.4016666666667,42.9902777777778,US,New Hampshire
138,KSDF,-85.7364936111111,38.174085,US,Kentucky
139,EDGS,8.0829696655,50.707698822,DE,Nordrhein-Westfalen
140,LFRZ,-2.1491799355,47.3121986389,FR,Pays-de-la-Loire
141,YMML,144.8430023193,-37.6733016968,AU,Victoria
142,KSEE,-116.972444444444,32.8262222222222,US,California
143,KBOI,-116.222861111111,43.5643611111111,US,Idaho
144,KAKH,-81.1498758333333,35.2026230555556,US,North Carolina
145,K4J6,,,,
146,CSB5,-64.5766983032,46.254699707,CA,New Brunswick
147, NULL,,,,
148, CYND,,,,
149,53II,-84.8407958333333,41.0731044444444,US,Indiana
150,PA20,,,,
151,KOMA,-95.8940555555556,41.3031666666667,US,Nebraska
152,UKKM,30.1919002533,50.6035003662,UA,Kyiv
153,KJZP,-84.4572222222222,34.4534722222222,US,Georgia
154,KCLE,-81.8546911111111,41.4094069444444,US,Ohio
155,KPSP,-116.506694444444,33.8296666666667,US,California
156,KDPA,-88.247995,41.9070530555556,US,Illinois
157,LFPB,2.4413900375,48.9693984985,FR,Ile-de-France
158,DAAX,,,,
159,KIXD,-94.8903055555556,38.8309166666667,US,Kansas
160,KLWM,-71.1235333333333,42.7170422222222,US,Massachusetts
161,CSN3,-74.0618972778,45.7803001404,CA,Quebec
162,KGED,-75.3593044444444,38.6876327777778,US,Delaware
163,KMDW,-87.7524166666667,41.7859722222222,US,Illinois
164,KFME,-76.7594144444444,39.0853866666667,US,Maryland
165,LEZL,-5.8931097984,37.4179992676,ES,Andalusia
166,OTBD,51.5651016235,25.261100769,QA,Baladiyat-ad-Dawḩah
167,KAUW,-89.62700175,44.9262845277778,US,Wisconsin
168,TLPL,-60.952599,13.7332,LC,Vieux-Fort
169,MGGT,-90.5274963379,14.5832996368,GT,Guatemala
170,EHAM,4.7638897896,52.3086013794,NL,North Holland
171,1NK8,-75.841305,42.1917425,US,New York
172,CYZV,-66.2656021118,50.2233009338,CA,Quebec
173,CYQB,-71.3933029175,46.7910995483,CA,Quebec
174,CYRI,-69.5847015381,47.7644004822,CA,Quebec
175,FD30,-80.5261658333333,27.4114288888889,US,Florida
176,CYQF,-113.8939971924,52.1822013855,CA,Alberta
177,KDET,-83.0101738888889,42.4093275,US,Michigan
178,KMTN,-76.4137777777778,39.3256666666667,US,Maryland
179,KPTK,-83.4205056388889,42.6656361944444,US,Michigan
180,CSZ3,-74.5836029053,46.1542015076,CA,Quebec
181,1AZ2,,,,
182,LIML,9.2767400742,45.445098877,IT,Lombardy
183,91IN,-85.9747222222222,39.2080555555556,US,Indiana
184,KSJC,-121.928620555556,37.3629947222222,US,California
185,CYHS,-81.0627975464,44.1582984924,CA,Ontario
186,MPMG,-79.5556030273,8.9733400345,PA,Panama
187,EGMC,0.695555985,51.5713996887,GB,England
188,CYYT,-52.7518997192,47.618598938,CA,Newfoundland and Labrador
189,4VA8,-77.2958111111111,37.6137555555556,US,Virginia
190,KLDJ,-74.2445941666667,40.6174494444444,US,New Jersey
191,CYND,-75.5635986328,45.5217018127,CA,Quebec
192,EGNS,-4.6238899231,54.0833015442,IM,Castletown
193,KWST,-71.8034168333333,41.3496329722222,US,Rhode Island
194,CPE6,-79.3233032227,45.8210983276,CA,Ontario
195,KFXE,-80.1707062777778,26.1972793611111,US,Florida
196,KSGS,-93.0328611111111,44.8571388888889,US,Minnesota
197,TVSV,-61.210899353,13.1443004608,VC,Saint-George
198,CSX3,-73.2326853275,45.4470727938,CA,Quebec
199,CT36,-72.1973011111111,41.5645425,US,Connecticut
200,KREI,-117.146388888889,34.08525,US,California
201,CCF4,-63.2996821404,44.7099936874,CA,Nova Scotia
202,CCK5,-80.7456064224,44.6449639588,CA,Ontario
203,RI20,,,,
204,KNUQ,-122.049129166667,37.4161438888889,US,California
205,EGLF,-0.7763329744,51.2757987976,GB,England
206,KNKX,-117.143188388889,32.8685289722222,US,California
207,KSGJ,-81.3397291666667,29.9592502777778,US,Florida
208,KLNS,-76.2943611111111,40.1223611111111,US,Pennsylvania
209,KSOP,-79.3890336111111,35.2374225,US,North Carolina
210,CNP8,-79.0130281448,44.1336968141,CA,Ontario
211,CA84,,,,
212,LFHV,4.634931,45.919983,FR,Auvergne-Rhone-Alpes
213,EGCC,-2.2749500275,53.3536987305,GB,England
214,KPGD,-81.9908861111111,26.9185925,US,Florida
215,KADS,-96.8364444444444,32.9685555555556,US,Texas
216,CSV8,-79.7272896767,43.9861452438,CA,Ontario
217,2KY4,-85.8136111111111,37.655,US,Kentucky
218,CNP3,-76.3657989502,45.4136009216,CA,Ontario
219,LFHC,5.1872200966,45.8697013855,FR,Auvergne-Rhone-Alpes
220,LEBL,2.0784599781,41.2971000671,ES,Catalonia
221,K02C,-88.1794444444444,43.0896388888889,US,Wisconsin
222,ME91,-70.4956083333333,43.6750797222222,US,Maine
223,EDLV,6.1421699524,51.6024017334,DE,Nordrhein-Westfalen
224,CRG3,,,,
225,5TX4,,,,
226,KGAI,-77.166,39.1683333333333,US,Maryland
227,KJST,-78.8346666666667,40.3155555555556,US,Pennsylvania
228,KPSF,-73.2908398055555,42.4276201111111,US,Massachusetts
229,3TE9,,,,
230,KCXY,-76.8513611111111,40.2171388888889,US,Pennsylvania
231,LFMN,7.2158699036,43.6584014893,FR,Provence-Alpes-Cote-d'Azur
232,LIRA,12.5949001312,41.7994003296,IT,Latium
233,KALB,-73.80198,42.7491161111111,US,New York
234,LJLJ,14.4575996399,46.2237014771,SI,Cerklje-na-Gorenjskem
235,MMPC,-98.7825012207,20.0774002075,MX,Hidalgo
236,NY24,-78.9700419444444,43.1278333333333,US,New York
237,KMKC,-94.5928333333333,39.1229444444444,US,Missouri
238,KDMW,-77.0076666666667,39.6082777777778,US,Maryland
239,CPN8,,,,
240,KBIV,-86.1078333333333,42.7427777777778,US,Michigan
241,FL86,-82.0984252777778,26.5825755555556,US,Florida
242,CYQS,-81.1108016968,42.7700004578,CA,Ontario
243,LFBO,1.3638199568,43.6291007996,FR,Occitanie
244,ME66,,,,
245,KSMQ,-74.6700316111111,40.6259806388889,US,New Jersey
246, CSR3,,,,
247,KFSO,-73.0974722222222,44.9402777777778,US,Vermont
248,CYGM,-97.043296814,50.6281013489,CA,Manitoba
249,KHUF,-87.30699,39.4506319444444,US,Indiana
250,LOWW,16.5697002411,48.1102981567,AT,Lower-Austria
251,ID27,-116.859361111111,47.7554591666667,US,Idaho
252,KTYQ,-86.2514444444444,40.0306666666667,US,Indiana
253,LS76,-90.1700794444445,30.4626925,US,Louisiana
254,5GA4,-84.4485397222222,34.1059313888889,US,Georgia
255,6NY1,-77.0894141666667,42.1128516666667,US,New York
256,MMCZ,-86.9255981445,20.5223999023,MX,Quintana Roo
257,K7B2,-72.6112402777778,42.3280097222222,US,Massachusetts
258,CYPT,-82.6780014038,41.7803993225,CA,Ontario
259,KPVG,-76.4512803611111,36.7807648055556,US,Virginia
260,LIBD,16.7605991364,41.1389007568,IT,Apulia
261,2MI5,-85.4864113888889,42.9416963888889,US,Michigan
262,CYXT,-128.5760040283,54.46849823,CA,British Columbia
263,KMZJ,-111.325333333333,32.5098333333333,US,Arizona
264,KVNY,-118.489972222222,34.2098055555556,US,California
265,KHHR,-118.335083333333,33.9228611111111,US,California
266,KHSV,-86.7750541666667,34.6371969444444,US,Alabama
267,KDAW,-70.9295495,43.2842348333333,US,New Hampshire
268,4TX8,-97.2239052777778,33.2487291666667,US,Texas
269,82OH,,,,
270,53IN,-86.2149947222222,40.5214269444444,US,Indiana
271,CYCK,-82.0819015503,42.3064002991,CA,Ontario
272,LSZH,8.5491695404,47.4646987915,CH,Zurich
273,KSFM,-70.708,43.3938055555556,US,Maine
274,3NY5,,,,
275, CYRQ,,,,
276,CPR2,-75.2985992432,45.2411003113,CA,Ontario
277,CPF6,-79.7094154358,43.1696925259,CA,Ontario
278,IG07,-85.0355555555555,39.0569444444444,US,Indiana
279,CJB2,-98.0186004639,49.4914016724,CA,Manitoba
280,KRUT,-72.9496261111111,43.5297302777778,US,Vermont
281,KMKE,-87.8970644444445,42.9469319444444,US,Wisconsin
282,KESN,-76.0689902777778,38.80416,US,Maryland
283,VT30,-72.8340036111111,44.1625594444444,US,Vermont
284,CTK6,-61.2658004761,50.1958007813,CA,Quebec
285,CYGV,-63.6114006042,50.2818984985,CA,Quebec
286,K63B,-70.6724722222222,43.7630277777778,US,Maine
287,K3MY,-89.6134722222222,40.7958055555556,US,Illinois
288,FA18,-81.0202777777778,26.4441666666667,US,Florida
289,KACK,-70.0599114166667,41.2529750555556,US,Massachusetts
290,39MN,,,,
291,CYQG,-82.9555969238,42.2756004333,CA,Ontario
292,CDA4,-64.8824996948,47.7164001465,CA,New Brunswick
293,ESSA,17.9186000824,59.6519012451,SE,Stockholm
294,MMHO,-111.047996521,29.0958995819,MX,Sonora
295,IN60,-86.1602675,40.0178152777778,US,Indiana
296,CYOO,-78.8949966431,43.9227981567,CA,Ontario
297,LFHJ,4.9136099815,45.6542015076,FR,Auvergne-Rhone-Alpes
298,KABQ,-106.608262166667,35.0389315555556,US,New Mexico
299,CCV4,-52.9832992554,47.6333007813,CA,Newfoundland and Labrador
300,KAVL,-82.5420475,35.4361130555556,US,North Carolina
301,KCWA,-89.6667780277778,44.7776236666667,US,Wisconsin
302,CWB2,,,,
303,CES2,-73.6723959446,45.914399704,CA,Quebec
304,8MI0,,,,
305,LIRP,10.3927001953,43.6838989258,IT,Tuscany
306,NK79,-74.5330555555555,41.4066666666667,US,New York
307,FD38,-80.2950666666667,26.6467083333333,US,Florida
308,CYYB,-79.4227981567,46.3636016846,CA,Ontario
309, KMDW,,,,
310,SPJC,-77.1143035889,-12.021900177,PE,Callao
311,MDAN,-70.2216033936,19.1315994263,DO,Sanchez-Ramirez
312,KMAL,-74.3289444444444,44.8536666666667,US,New York
313,ME26,-69.5338194444444,46.0195861111111,US,Maine
314,KOPF,-80.2782222222222,25.9074166666667,US,Florida
315,CYQY,-60.0477981567,46.1613998413,CA,Nova Scotia
316,KISM,-81.4370813888889,28.2898069444444,US,Florida
317,15NC,-76.9738888888889,36.2397222222222,US,North Carolina
318,EGKR,-0.1386110038,51.2136001587,GB,England
319,17FA,-81.5353558333333,26.7134011111111,US,Florida
320,VT25,-73.1662369444444,44.4167172222222,US,Vermont
321,1VA5,,,,
322,NK01,-75.604915,43.9995122222222,US,New York
323,LHKE,19.7492008209,46.9174995422,HU,Bacs-Kiskun
324,KPTD,-74.9484444444444,44.6766666666667,US,New York
325,KRYY,-84.5970277777778,34.0131666666667,US,Georgia
326,OJAI,35.9931983948,31.7226009369,JO,Amman
327,CSU7,-72.6258010864,46.6166992188,CA,Quebec
328,CRL2,-76.3966673613,44.6666651766,CA,Ontario
329,OJAM,35.9916000366,31.972700119,JO,Amman
330,4IL3,-89.2284391666667,42.1428019444444,US,Illinois
331,KBKV,-82.4554166666667,28.4736111111111,US,Florida
332,MY98,,,,
333,9II2,,,,
334,KN52,-80.7479833333333,34.8638166666667,US,North Carolina
335,0MI4,-87.3865283333333,46.2702227777778,US,Michigan
336,OI62,-81.3170525,41.4764411111111,US,Ohio
337,VT39,,,,
338,9MI2,-83.307625,41.98785,US,Michigan
339,CTA3,-70.3843994141,47.3894004822,CA,Quebec
340,CHF2,-75.7086029053,45.1906013489,CA,Ontario
341,KGPI,-114.256,48.3105,US,Montana
342,4VA9,-77.9205508333333,38.5690116666667,US,Virginia
343,KTOL,-83.8078266666667,41.5868166666667,US,Ohio
344,EGNX,-1.3280600309,52.8311004639,GB,England
345,4GE2,,,,
346,CSZ4,-70.9633026123,46.331401825,CA,Quebec
347,KBUR,-118.358666666667,34.2006944444444,US,California
348,KMQY,-86.5200897222222,36.0089702777778,US,Tennessee
349,KPWK,-87.9015408333333,42.1142794444444,US,Illinois
350,KCGF,-81.4872222222222,41.5645833333333,US,Ohio
351,SKBO,-74.1469,4.70159,CO,Bogota-D-C-
352,CYSC,-71.6913986206,45.4385986328,CA,Quebec
353,LFLL,5.0908298492,45.726398468,FR,Auvergne-Rhone-Alpes
354,MA52,-71.4701333333333,42.4380583333333,US,Massachusetts
355,CCS5,-65.301902771,45.9864006042,CA,New Brunswick
356,07KY,-85.6932925,38.0806225,US,Kentucky
357,VOBL,77.7062988281,13.1978998184,IN,Karnataka
358,KJHW,-79.2580230555556,42.1533938888889,US,New York
359,KJWN,-86.8864953333333,36.1830218333333,US,Tennessee
360,KLRD,-99.4615833333333,27.5441944444444,US,Texas
361,CYGK,-76.5969009399,44.2252998352,CA,Ontario
362,KJAX,-81.6878466666667,30.4940455555556,US,Florida
363,OH07,-81.2389930555556,40.9439469444444,US,Ohio
364,KUES,-88.2370555555556,43.0410277777778,US,Wisconsin
365,KRAC,-87.8139166666667,42.7611666666667,US,Wisconsin
366,KGTB,-75.7198944444444,44.0556111111111,US,New York
367,KBOS,-71.0063888888889,42.3629444444444,US,Massachusetts
368,KJYO,-77.5575,39.0779722222222,US,Virginia
369,EGLM,-0.774443984,51.5008010864,GB,
370,PAED,-149.806525666667,61.2513531944444,US,Alaska
371,CYRP,-76.0222015381,45.3191986084,CA,Ontario
372,KBVY,-70.9161388888889,42.5841388888889,US,Massachusetts
373,EBCI,4.4538202286,50.4592018127,BE,Wallonia
374,FA54,-82.2526027777778,26.8537416666667,US,Florida
375,KVVS,-79.6574166666667,39.9590555555556,US,Pennsylvania
376,95FD,-81.5388888888889,26.7683333333333,US,Florida
377,KDKK,-79.2711111111111,42.4939444444444,US,New York
378,KSCH,-73.9295644444445,42.8527183333333,US,New York
379,CYPN,-64.2885971069,49.8363990784,CA,Quebec
380,CAA2,-75.0758333333,45.7463888889,CA,Quebec
381,CPF4,-76.8332977295,45.5950012207,CA,Ontario
382,40FL,-81.8709416666667,26.9525805555556,US,Florida
383,KRZN,-92.3736930555555,45.8234638888889,US,Wisconsin
384,CED6,-113.888999939,50.8018989563,CA,Alberta
385,SNEJ,-46.0374984741,-22.8597221375,BR,Minas Gerais
386,1XS1,-95.0464833333333,29.9382791666667,US,Texas
387,KAFW,-97.3194405555555,32.9903858333333,US,Texas
388,KJVY,-85.7381447222222,38.3666183333333,US,Indiana
389,KY47,-83.6237013888889,42.5031238888889,US,Michigan
390,CYOS,-80.8375015259,44.5903015137,CA,Ontario
391,KAKR,-81.4676847222222,41.0374236111111,US,Ohio
392,K4G8,-81.9604418333333,41.3186801944444,US,Ohio
393,CNN8,-76.2442016602,44.4019012451,CA,Ontario
394,OH22,-81.7790222222222,40.7611666666667,US,Ohio
395,NJ25,-75.2283472222222,39.7896833333333,US,New Jersey
396,CPF3,,,,
397,IA56,-93.3793758333333,41.7805433333333,US,Iowa
398,KIKK,-87.8462777777778,41.0713888888889,US,Illinois
399,98VA,,,,
400,KMCF,-82.5212194444444,27.8493444444444,US,Florida
401,KCOF,-80.6099780555555,28.2350066666667,US,Florida
402,KTTA,-79.1013377777778,35.5824394444444,US,North Carolina
403,LJCE,15.5302000046,45.9000015259,SI,Brezice
404,CSM3,-71.2572021484,46.051700592,CA,Quebec
405,CYFJ,-74.7799987793,46.4094009399,CA,Quebec
406,5MI8,,,,
407,MPHO,-79.5996017456,8.9147901535,PA,Panama
408,CFH4,-63.461101532,45.8699989319,CA,Nova Scotia
409,2NY9,-76.7224508333333,42.3700733333333,US,New York
410,KFTG,,,,
411,KOSH,-88.5570430555556,43.9843708333333,US,Wisconsin
412,KMJX,-74.2955347222222,39.9260416666667,US,New Jersey
413,3NK5,-73.4652777777778,44.6166666666667,US,New York
414,EICK,-8.491109848,51.8413009644,IE,Munster
415,LIPY,13.3622999191,43.6162986755,IT,The Marches
416,KZER,-76.3737502777778,40.7067508333333,US,Pennsylvania
417,VT38,-73.2466666666667,45.0091666666667,US,Vermont
418,LOLW,14.0409002304,48.1833000183,AT,Upper-Austria
419,KSDL,-111.910527777778,33.6228888888889,US,Arizona
420,KNY2,,,,
421,02XS,-97.6627791666667,30.1477130555556,US,Texas
422,KMOD,-120.95443,37.6258247222222,US,California
423,FA51,-81.5061883333333,26.7389552777778,US,Florida
424,KMMU,-74.4148886111111,40.7993383333333,US,New Jersey
425,MDBC,-68.9159011841,18.4797000885,DO,La Romana
426,71MI,-83.5172222222222,42.0844444444444,US,Michigan
427,CYXZ,-84.7866973877,47.9667015076,CA,Ontario
428,EDDW,8.7866697311,53.0475006104,DE,Bremen
429,LFHH,4.8294401169,45.4641990662,FR,Auvergne-Rhone-Alpes
430,4OI7,,,,
431,CSG3,-73.501701355,46.0449981689,CA,Quebec
432,58IN,-84.8638516666667,41.2583833333333,US,Indiana
433,NY85,,,,
434,CFQ7,-113.455001831,53.2817001343,CA,Alberta
435,CNS8,-75.0774002075,44.9469985962,CA,Ontario
436,KBLI,-122.537527777778,48.7926944444444,US,Washington
437,LPPT,-9.1359195709,38.7812995911,PT,Lisbon
438,RJAK,140.1929931641,36.0346984863,JP,Ibaraki
439,36AL,-85.5342777777778,31.4928888888889,US,Alabama
440,KORD,-87.9081497222222,41.9769402777778,US,Illinois
441,PN18,-80.2436730555556,42.0272786111111,US,Pennsylvania
442,CAM3,-123.709702492,48.7545336204,CA,British Columbia
443,LFHW,4.7147197723,46.1427993774,FR,Auvergne-Rhone-Alpes
444,OH57,,,,
445,LFNR,5.1783299446,43.5377998352,FR,Provence-Alpes-Cote-d'Azur
446,KOKC,-97.6007617222222,35.3930740277778,US,Oklahoma
447,SC88,-81.7942686111111,35.1473455555556,US,South Carolina
448,CLA4,-79.4950027466,44.0894012451,CA,Ontario
449,4NK1,,,,
450,GMMN,-7.5899701118,33.3675003052,MA,
451,CYLW,-119.3779983521,49.9561004639,CA,British Columbia
452,EDXW,8.340470314,54.9132003784,DE,Schleswig-Holstein
453,CT14,-72.6162011111111,41.8667647222222,US,Connecticut
454,05IN,-86.5041641666667,39.6419908333333,US,Indiana
455,41KS,-94.7973333333333,38.7355,US,Kansas
456,8NK6,-75.1683333333333,42.7130555555556,US,New York
457,EGLL,-0.4619410038,51.4706001282,GB,England
458,K9X1,,,,
459,KFWA,-85.1951666666667,40.9784722222222,US,Indiana
460,LSTZ,7.3805599213,46.5525016785,CH,Bern
461,CNV8,-79.9627990723,44.4411010742,CA,Ontario
462,KLCI,-71.4178416666667,43.5730416666667,US,New Hampshire
463,KBDR,-73.1261758333333,41.1634808333333,US,Connecticut
464, CMN3,,,,
465,KSNA,-117.868233055556,33.6756619444444,US,California
466,CNV9,-71.5854978561,46.7214759694,CA,Quebec
467,25SC,-82.3373888888889,34.9606388888889,US,South Carolina
468,CYFD,-80.3424987793,43.131401062,CA,Ontario
469,CEZ3,-113.115997314,53.4275016785,CA,Alberta
470, KFLL,,,,
471,KTPF,-82.4493888888889,27.9154444444444,US,Florida
472, CYUL,,,,
473,KTHV,-76.8730277777778,39.917,US,Pennsylvania
474,CVL3,,,,
475,TA07,-94.9668708333333,30.0071622222222,US,Texas
476,KBGM,-75.9796111111111,42.2084444444444,US,New York
477,32PN,-80.275895,40.7339547222222,US,Pennsylvania
478,KPYM,-70.727685,41.9086175,US,Massachusetts
479,LSZS,9.8841104507,46.5340995789,CH,Grisons
480,3TS7,,,,
481,KPIA,-89.69325,40.6641944444444,US,Illinois
482,EDDP,12.2416000366,51.4323997498,DE,Saxony
483,KNGU,-76.2892780555556,36.9374686111111,US,Virginia
484,59NY,-78.6900325,43.2306122222222,US,New York
485,CYRQ,-72.679397583,46.3527984619,CA,Quebec
486,VT48,,,,
487,KMVY,-70.6138744444444,41.3934175,US,Massachusetts
488,LL78,-89.1509413888889,42.3116852777778,US,Illinois
489,TLPC,-60.992901,14.0202,LC,Castries
490,CYEY,-78.2497024536,48.5638999939,CA,Quebec
491,67OH,,,,
492,CYXU,-81.1539001465,43.0355987549,CA,Ontario
493,LIMG,8.1274299622,44.0505981445,IT,Liguria
494,KHOU,-95.2772315833333,29.6457998333333,US,Texas
495,6NJ9,-75.3746352777778,39.7917797222222,US,New Jersey
496,LCLK,33.6249008179,34.8750991821,CY,Larnaka
497,CSH5,-71.5361022949,46.1260986328,CA,Quebec
498,KCRG,-81.5144444444445,30.3363333333333,US,Florida
499,VA16,-77.4844338888889,38.8792788888889,US,Virginia
500,KBLM,-74.1245555555555,40.1867777777778,US,New Jersey
501,KGPM,-97.0469166666667,32.6987777777778,US,Texas
502,KLZU,-83.9623638888889,33.9780919444444,US,Georgia
503,EGJB,-2.6019699574,49.4350013733,GG,Forest
504,CYYZ,-79.6305999756,43.6772003174,CA,Ontario
505,21NH,-70.9352777777778,42.9169444444444,US,New Hampshire
506,KLAX,-118.408048611111,33.9424963888889,US,California
507,VOMM,80.1692962646,12.9900054932,IN,Tamil-Nadu
508,58KY,-85.3325555555556,38.1216583333333,US,Kentucky
509,04FA,-80.5150572222222,25.5587191666667,US,Florida
510,69TA,-97.5252713888889,27.6550316666667,US,Texas
511,KGFL,-73.6103055555556,43.3412222222222,US,New York
512,IS59,-88.9241666666667,42.1338888888889,US,Illinois
513,KSEA,-122.311777777778,47.4498888888889,US,Washington
514,CTQ2,-72.0350036621,45.0344009399,CA,Vermont
515,CSE3,-73.452796936,46.1094017029,CA,Quebec
516,KFUL,-117.979784166667,33.8720141666667,US,California
517,NY73,,,,
518,VT31,-72.44399,44.1111741666667,US,Vermont
519,CYQM,-64.6785964966,46.1122016907,CA,New Brunswick
520,EDDG,7.6848301888,52.134601593,DE,Nordrhein-Westfalen
521,CTR6,-71.8264007568,46.7835998535,CA,Quebec
522,KHTW,-82.4948333333333,38.4191111111111,US,Ohio
523,MMJC,-99.2888031006,19.5748004913,MX,Mexico
524,KMIV,-75.0722222222222,39.3678055555556,US,New Jersey
525,5CT5,-73.2162222222222,41.6323055555556,US,Connecticut
526,SKMA,-74.2754,4.7278,CO,Cundinamarca
527,CND4,-78.64,45.1108333333,CA,Ontario
528,CPG4,-80.5121994019,43.5918998718,CA,Ontario
529,KGON,-72.0451388888889,41.3300555555556,US,Connecticut
530,KEEN,-72.2707777777778,42.8983888888889,US,New Hampshire
531,KEDC,-97.5663935,30.3974931388889,US,Texas
532,LFPO,2.3594400883,48.7252998352,FR,Ile-de-France
533,LFBP,-0.41861099,43.3800010681,FR,Nouvelle-Aquitaine
534,LEIB,1.3731199503,38.8728981018,ES,Balearic-Islands
535,TNCA,-70.0151977539,12.5013999939,AW,
536,KPWM,-70.3086163611111,43.6456435,US,Maine
537,CEX3,-113.411003113,52.9650001526,CA,Alberta
538,CNW3,-77.8805999756,45.0731010437,CA,Ontario
539,FL88,-81.4497986111111,26.6836794444444,US,Florida
540,KW32,-76.9328169444445,38.7482613888889,US,Maryland
541,40ME,-70.9559777777778,44.1058916666667,US,Maine
542,KOQU,-71.4121388888889,41.5971388888889,US,Rhode Island
543,31II,-84.9051972222222,38.9120861111111,US,Indiana
544,KELM,-76.8917456666667,42.1598561388889,US,New York
545,7MO5,,,,
546,2WN6,-90.4193011111111,44.5296841666667,US,Wisconsin
547,KDLL,-89.77125,43.5220277777778,US,Wisconsin
548,KLEB,-72.3041944444444,43.6261111111111,US,New Hampshire
549,KJFK,-73.7786925,40.6399277777778,US,New York
550,KAGS,-81.9645,33.3699444444444,US,Georgia
551,KTMB,-80.4332246111111,25.6475637222222,US,Florida
552,II43,-86.1922277777778,41.7500480555556,US,Indiana
553,03ME,-70.6272827777778,44.0842372222222,US,Maine
554,KSUU,-121.924131472222,38.2645366666667,US,California
555,EFHK,24.963300705,60.317199707,FI,Uusimaa
556,KILG,-75.606635,39.6787097222222,US,Delaware
557,KGEG,-117.535222222222,47.6190277777778,US,Washington
558,KLKU,-77.9701266666667,38.0098247222222,US,Virginia
559,KHPN,-73.7075661111111,41.0669530555556,US,New York
560,KDAY,-84.2194122222222,39.9022522222222,US,Ohio
561,II86,,,,
562,03MA,-72.5520322222222,42.3931447222222,US,Massachusetts
563,6AR1,-94.1966,36.2779083333333,US,Arkansas
564,CSP5,-73.2416992188,45.5008010864,CA,Quebec
565,1NY4,,,,
566,KPJC,-80.1608611111111,40.8019722222222,US,Pennsylvania
567,II32,-87.3813986111111,38.0492111111111,US,Indiana
568,KORL,-81.33293,28.5454616666667,US,Florida
569,OI41,-81.1561944444445,41.294,US,Ohio
570,JY43,-74.3385555555555,41.0832222222222,US,New Jersey
571,LKKB,14.5436000824,50.1213989258,CZ,Praha
572,CZBF,-65.738899231,47.629699707,CA,New Brunswick
573,CYBW,-114.374000549,51.103099823,CA,Alberta
574,CSQ3,-72.3103027344,45.481098175,CA,Quebec
575,EIDW,-6.270070076,53.4212989807,IE,Leinster
576,CSP6,-73.9072036743,45.3760986328,CA,Quebec
577,KRME,-75.4070258333333,43.2337994444444,US,New York
578,KMQS,-75.8654722222222,39.9789722222222,US,Pennsylvania
579,MDBE,-69.0553970337,18.5867996216,DO,El-Seibo
580,06TE,-95.0272847222222,30.3129583333333,US,Texas
581,KCMH,-82.8921591666667,39.9969466666667,US,Ohio
582,CYGP,-64.4785995483,48.7752990723,CA,Quebec
583,88PA,-80.4131202777778,40.5392333333333,US,Pennsylvania
584,RKSI,126.4509963989,37.4691009521,KR,Incheon
585,NK08,-74.1298888888889,41.8319138888889,US,New York
586,MI27,-83.854115,42.6125319444444,US,Michigan
587,KOGS,-75.46325,44.68225,US,New York
588,CPU6,-77.1078033447,44.1847000122,CA,Ontario
589,NH84,-71.2211555555556,43.2075888888889,US,New Hampshire
590,CSY3,-73.0421981812,45.9803009033,CA,Quebec
591,EGVO,-0.9428250194,51.2341003418,GB,England
592,OA19,-81.3121361111111,40.8901,US,Ohio
593,CYKF,-80.3786010742,43.4608001709,CA,Ontario
594,KS50,-122.226655111111,47.3276248611111,US,Washington
595,CYXE,-106.6999969482,52.1707992554,CA,Saskatchewan
596,KMSP,-93.2217777777778,44.8819722222222,US,Minnesota
597,1CA6,-116.722520555556,32.7650541666667,US,California
598,EIKY,-9.5237798691,52.1809005737,IE,Munster
599,KIAH,-95.3414425,29.9844352777778,US,Texas
600,8TX7,,,,
601,EGKK,-0.1902779937,51.1481018066,GB,England
602,CSW6,,,,
603,KPHL,-75.2406630555556,39.8720838888889,US,Pennsylvania
604,EINN,-8.9248199463,52.7019996643,IE,Munster
605,20II,,,,
606,KAXV,-84.2980833333333,40.4935555555556,US,Ohio
607,IN50,,,,
608,KARB,-83.7457088333333,42.2229275555556,US,Michigan
609,EDDM,11.7861003876,48.3538017273,DE,Bayern
610,SNGA,-40.4919013977,-20.6464996338,BR,Espírito Santo
611,MN92,-92.3001911111111,46.7499422222222,US,Minnesota
612,KERI,-80.1739444444444,42.0830833333333,US,Pennsylvania
613,FL90,-82.2200947222222,26.6034086111111,US,Florida
614,CCE6,,,,
615,CNC3,-79.875,43.7602996826,CA,Ontario
616,KWWD,-74.9085088888889,39.0083694444444,US,New Jersey
617,CYCH,-65.4492034912,47.0078010559,CA,New Brunswick
618,LEMG,-4.4991102219,36.6749000549,ES,Andalusia
619,CPL3,-75.6281661987,45.1030620653,CA,Ontario
620,KFOK,-72.6318119444444,40.8436186111111,US,New York
621,KBLV,-89.8351855555556,38.5451730555556,US,Illinois
622,KBHM,-86.7523055555556,33.5638888888889,US,Alabama
623,CLA2,-73.4606018066,45.8231010437,CA,Quebec
624,CNS6,-80.8167037964,42.7383003235,CA,Ontario
625,CYPQ,-78.3632965088,44.2299995422,CA,Ontario
626,CAP3,-123.71900177,49.4606018066,CA,British Columbia
627,25OH,-81.2598280555556,40.9131136111111,US,Ohio
628,KSBN,-86.3173375,41.7082238888889,US,Indiana
629,KALO,-92.4010233333333,42.5584491666667,US,Iowa
630,CO14,-105.666111111111,37.4219444444444,US,Colorado
631,TJIG,-66.0984722222222,18.4567777777778,US,Puerto Rico
632,KAIO,-95.04875,41.4038333333333,US,Iowa
633,LIPZ,12.3519001007,45.5052986145,IT,Veneto
634,KCEF,-72.5347866666667,42.1940155555556,US,Massachusetts
635,CSD4,-75.577796936,46.5643997192,CA,Quebec
636,K2W5,-77.0724583333333,38.5970486111111,US,Maryland
637, KLAX,,,,
638,CT19,-72.5398091666667,41.9681522222222,US,Connecticut
639,NY60,-73.5593041666667,44.7625405555556,US,New York
640,EDHI,9.8355560303,53.5352783203,DE,Hamburg
641,CNA4,-79.3499984741,45.5499992371,CA,Ontario
642,KSWF,-74.1048333333333,41.5041111111111,US,New York
643,7NK1,,,,
644,NTAA,-149.606994629,-17.5536994934,PF,Iles-du-Vent
645,CTQ6,-70.9550018311,46.6218986511,CA,Quebec
646,GMME,-6.7515201569,34.0514984131,MA,
647,LTBA,28.8145999908,40.9768981934,TR,Istanbul
648,92VA,-76.5644444444444,37.3447222222222,US,Virginia
649,CPT9,,,,
650,CSE4,-74.3705978394,45.6394004822,CA,Quebec
651,3NJ6,-74.8413333333333,40.0154722222222,US,New Jersey
652,31MA,-72.4086111111111,42.2619444444444,US,Massachusetts
653,26MI,-85.3780730555555,42.92392,US,Michigan
654,KMIA,-80.2901158333333,25.7953611111111,US,Florida
655,CZBA,-79.850102663,43.4414531515,CA,Ontario
656,PN40,-79.8975516666667,42.1842236111111,US,Pennsylvania
657,SBGL,-43.2505569458,-22.8099994659,BR,Rio de Janeiro
658,8KY6,-84.5682777777778,38.9355277777778,US,Kentucky
659,FD08,-80.1497666666667,26.4653513888889,US,Florida
660,CYHZ,-63.5085983276,44.8807983398,CA,Nova Scotia
661,CSJ2,-74.1335983276,47.5946998596,CA,Quebec
662,KAZO,-85.5515555555556,42.2343888888889,US,Michigan
663,CZBM,-72.7414016724,45.2907981873,CA,Quebec
664,KTUS,-110.941013888889,32.1160691666667,US,Arizona
665,KPBI,-80.0955919444444,26.6831616666667,US,Florida
666,KBEH,-86.4248811111111,42.1283808333333,US,Michigan
667,KFSD,-96.741925,43.5820180555556,US,South Dakota
668,EGTK,-1.3200000525,51.8368988037,GB,England
669,5NY1,-74.9062702777778,42.3998030555556,US,New York
670,SBBP,-46.5375,-22.979167,BR,São Paulo
671,KEFK,-72.2286352777778,44.8881755555556,US,Vermont
672,KSTL,-90.3700257222222,38.7486982222222,US,Missouri
673,9OH4,,,,
674,CYTS,-81.376701355,48.5696983337,CA,Ontario
675,EGWU,-0.418166995,51.5530014038,GB,England
676,CYSN,-79.1716995239,43.1916999817,CA,Ontario
677,KRMY,-84.9554443055556,42.2511931666667,US,Michigan
678,CSK5,-71.7857971191,46.8950004578,CA,Quebec
679,ME96,,,,
680,LGKN,23.9510993958,38.1377983093,GR,Attica
681,KSBM,-87.8517222222222,43.7697777777778,US,Wisconsin
682,MMMA,-97.5252990723,25.7698993683,MX,Tamaulipas
683,KORH,-71.8756111111111,42.2671388888889,US,Massachusetts
684,WV65,-80.0113888888889,39.4492522222222,US,West Virginia
685,CBW8,-123.0230026245,54.0080986023,CA,British Columbia
686,KUUU,-71.2815439444444,41.53243975,US,Rhode Island
687,KYIP,-83.5314616666667,42.2402738888889,US,Michigan
688,KUZA,-81.0571666666667,34.9878333333333,US,South Carolina
689,MA43,-72.9001,42.0723155555556,US,Massachusetts
690,EGSS,0.2349999994,51.8849983215,GB,England
691,CJV5,-99.510597229,50.23279953,CA,Manitoba
692,KJAU,-84.1629652777778,36.3340888888889,US,Tennessee
693,EBLG,5.4432201385,50.6374015808,BE,Wallonia
694,KBUF,-78.7305697222222,42.9404272222222,US,New York
695,KFWN,-74.6230352777778,41.2002138888889,US,New Jersey
696,KRDU,-78.7874722222222,35.8776388888889,US,North Carolina
697,MMTJ,-116.9700012207,32.5410995483,MX,Baja California Sur
698,CYLS,-79.5556030273,44.4852981567,CA,Ontario
699,42VT,-73.1501611111111,44.3668861111111,US,Vermont
700,CSC9,-80.8339004517,46.4822006226,CA,Ontario
701,CSB3,-73.2386016846,45.5900001526,CA,Quebec
702,KDFW,-97.0376947222222,32.8972330555556,US,Texas
703,MA66,,,,
704,KMSS,-74.8451197222222,44.9362411111111,US,New York
705,CT96,-72.9712152777778,41.7084313888889,US,Connecticut
706,LL59,34.6907997131,31.8978996277,IL,
707,KMSY,-90.2590277777778,29.9932777777778,US,Louisiana
708,MMMX,-99.0720977783,19.4363002777,MX,Mexico City
709,57ME,-70.8544444444444,43.9177777777778,US,Maine
710,LEPA,2.7388100624,39.551700592,ES,Balearic-Islands
711,KT51,-95.6672230555556,30.0427752777778,US,Texas
712,EGGP,-2.8497200012,53.3335990906,GB,England
713,K5B2,-73.8616388888889,43.0507222222222,US,New York
714,KRSW,-81.7551666666667,26.5361666666667,US,Florida
715,KCRQ,-117.280083333333,33.12825,US,California
716,KN23,-75.4159722222222,42.3025833333333,US,New York
717,CYPA,-105.672996521,53.2141990662,CA,Saskatchewan
718,CDU6,-66.0939025879,46.5525016785,CA,New Brunswick
719,57FA,-81.1192316666667,28.2086244444444,US,Florida
720,K55J,,,,
721,KCYO,-82.9821388888889,39.516,US,Ohio
722,KPAE,-122.282093888889,47.9073180555556,US,Washington
723,88VT,-73.3502777777778,44.8783333333333,US,Vermont
724,KCLW,-82.7590569444444,27.9772138888889,US,Florida
725,DABC,6.6203899384,36.2760009766,DZ,Constantine
726,SDVH,-46.6347236633,-23.0041675568,BR,São Paulo
727,54MI,-84.0830555555555,42.8102777777778,US,Michigan
728,CYCL,-66.3302993774,47.9907989502,CA,New Brunswick
729,75PA,-80.4589577777778,41.8731111111111,US,Pennsylvania
730,0VA9,-76.4538366666667,37.4473605555556,US,Virginia
731,KBTP,-79.9510833333333,40.7765833333333,US,Pennsylvania
732,KFPR,-80.3726388888889,27.4974722222222,US,Florida
733,7NK7,-75.5319444444444,42.7052777777778,US,New York
734,KSGR,-95.6565341666667,29.6222486111111,US,Texas
735,KBJC,-105.117194444444,39.9088055555556,US,Colorado
736,KWAL,-75.4663888888889,37.9401944444444,US,Virginia
737,CSJ5,-72.6303024292,46.4366989136,CA,Quebec
738,MMUN,-86.8770980835,21.0365009308,MX,Quintana Roo
739,48WI,-89.7301458333333,45.7938433333333,US,Wisconsin
740,KN71,-76.5743552777778,40.0922066666667,US,Pennsylvania
741,3TX2,-97.3489077777778,33.0806775,US,Texas
742,9GA1,-81.3369444444444,32.4488888888889,US,Georgia
743,KMSV,-74.7950277777778,41.7016388888889,US,New York
744,MI13,-85.0616666666667,43.1616666666667,US,Michigan
745,MBPV,-72.2658996582,21.7735996246,TC,
746,SDTB,-46.57472229,-23.1277770996,BR,São Paulo
747,CYVR,-123.1839981079,49.193901062,CA,British Columbia
748,MDJB,-69.9856033325,18.5725002289,DO,Santo-Domingo
749,54ME,-70.3202777777778,43.9494444444444,US,Maine
750,CRM5,,,,
751,MA86,-73.0598222222222,42.5056405555556,US,Massachusetts
752,CYUL,-73.7407989502,45.4706001282,CA,Quebec
753,NY94,-73.8645555555556,41.9698333333333,US,New York
754,CJU3,-98.5008010864,50.0964012146,CA,Manitoba
755,OA16,-84.7816666666667,39.1561111111111,US,Ohio
756,KMQJ,-85.8977355555556,39.8431377777778,US,Indiana
757,CYWG,-97.2398986816,49.9099998474,CA,Manitoba
758,KX14,-81.4282777777778,26.7405833333333,US,Florida
759,LDDU,18.2681999207,42.5614013672,HR,Dubrovacko-Neretvanska
760,FD20,-81.4850766666667,26.8003419444444,US,Florida
761,KIMM,-81.4004781666667,26.4337121666667,US,Florida
762,K0G7,-76.7811666666667,42.8835555555556,US,New York
763,SC40,,,,
764,15ME,-70.2291666666667,43.8152777777778,US,Maine
765,CSR8,-79.1785964966,48.9171981812,CA,Quebec
766,TS35,-94.9780555555556,30.0583333333333,US,Texas
767,LPPD,-25.6979007721,37.7411994934,PT,Azores
768,LIMC,8.7281103134,45.6305999756,IT,Lombardy
769,86MI,-83.5674366666667,42.1528186111111,US,Michigan
770,CNU4,-77.3094024658,44.192199707,CA,Ontario
771,GA20,-81.4627777777778,30.8111111111111,US,Georgia
772,KT54,-95.7797583333333,29.5233305555556,US,Texas
773,CSL3,-72.6303024292,46.6217002869,CA,Quebec
774,KLUK,-84.4186111111111,39.1033333333333,US,Ohio
775,LOWL,14.1875,48.2332000732,AT,Upper-Austria
776,KX10,-80.6602444444444,26.6981888888889,US,Florida
777,CYEG,-113.580001831,53.3097000122,CA,Alberta
778,71KY,-84.8727280555556,39.0347805555556,US,Kentucky
779,KFRG,-73.4134205555556,40.7292744444444,US,New York
780,KFMY,-81.8632469444444,26.586615,US,Florida
781,CYAV,-97.0325012207,50.0564002991,CA,Manitoba
782,CNJ4,-79.3102169037,44.6776557839,CA,Ontario
783,AL16,-86.7236022222222,33.7267680555556,US,Alabama
784,CPP6,-79.8525009155,43.0374984741,CA,Ontario
785,1MU2,-94.6643825,39.4450183333333,US,Missouri
786,OK94,-95.8032222222222,36.3545763888889,US,Oklahoma
787,KPHX,-112.011583333333,33.4342777777778,US,Arizona
788,KNRS,-117.1135255,32.5661596111111,US,California
789,KIAG,-78.9458466666667,43.1075573611111,US,New York
790,KHEF,-77.5151011944444,38.7210230833333,US,Dist. Of Columbia
791,KTYS,-83.9940672222222,35.8110911111111,US,Tennessee
792,EPGD,18.4661998749,54.3776016235,PL,Pomerania
793,CNC4,-80.1960983276,43.5638999939,CA,Ontario
794,CSR3,-71.9289016724,46.1128005981,CA,Quebec
795,KNZY,-117.21311,32.6981961111111,US,California
796, KFTY,,,,
797,CSA2,-73.6380996704,45.7919006348,CA,Quebec
798,KB19,-70.4723888888889,43.4641111111111,US,Maine
799,OBBS,50.5905990601,25.9183998108,BH,
800,KVPC,-84.8487066666667,34.1231475,US,Georgia
801,3OH5,,,,
802,LFRS,-1.610730052,47.1531982422,FR,Pays-de-la-Loire
803,GA35,-81.3966666666667,32.1575,US,Georgia
804,KCMA,-119.094354166667,34.2137583333333,US,California
805,KIWA,-111.655459166667,33.3078238888889,US,Arizona
806,EGGW,-0.3683330119,51.8746986389,GB,England
807,CTY5,-73.0378036499,45.4383010864,CA,Quebec
808,KITH,-76.4587222222222,42.4913611111111,US,New York
809,CYTZ,-79.3962020874,43.6274986267,CA,Ontario
810,RJGG,136.8049926758,34.8583984375,JP,Aichi
811,CSG5,-71.1517028809,46.6852989197,CA,Quebec
812,KSFO,-122.375416666667,37.6188055555556,US,California
813,EKBI,9.1517801285,55.7402992249,DK,South Denmark
814,KOWD,-71.1729444444445,42.1905277777778,US,Massachusetts
815,ENGM,11.100399971,60.193901062,NO,Akershus
816,KPBG,-73.4681388888889,44.6509444444444,US,New York
817,LL39,-88.4777777777778,41.2575,US,Illinois
818,WS17,-88.5784463888889,43.9894280555556,US,Wisconsin
819,KEWB,-70.9578361111111,41.6765661111111,US,Massachusetts
820,KOXC,-73.1351825,41.4782805555556,US,Connecticut
821,KPVD,-71.4277222222222,41.7223333333333,US,Rhode Island
822,KGYH,-82.3764166666667,34.7583055555556,US,South Carolina
823,82LA,,,,
824,CAY5,,,,
825,CPE4,-80.2325105667,43.4427306923,CA,Ontario
826,KJQF,-80.7091325,35.3877702777778,US,North Carolina
827,MDBG,-68.7378005981,18.6315994263,DO,La Altagracia
828,CLM2,-82.5250015259,42.0250015259,CA,Ontario
829,CRM3,,,,
830,KEYQ,,,,
831,0NK6,,,,
832,TBPB,-59.4925003052,13.0746002197,BB,Christ-Church
833,42OH,-81.0039813888889,41.15589,US,Ohio
834,KABE,-75.4404058333333,40.6523627777778,US,Pennsylvania
835,MI23,-83.8666666666667,43.3469444444444,US,Michigan
836,CNR6,-76.123298645,45.1039009094,CA,Ontario
837,LFPG,2.5499999523,49.0127983093,FR,Ile-de-France
838,VIDP,77.1031036377,28.5664997101,IN,NCT
839,KSFZ,-71.4914166666667,41.92075,US,Rhode Island
840,59NC,-79.5553019444444,36.0973575,US,North Carolina
841,CRK2,,,,
842,SEAS,-78.2833328247,-0.0833332986,EC,Pichincha
843,LFRE,-2.3463900089,47.2893981934,FR,Pays-de-la-Loire
844,77PA,-79.8997747222222,40.5834005555556,US,Pennsylvania
845,CYOW,-75.6691970825,45.3224983215,CA,Ontario
846,CYCC,-74.5633010864,45.0928001404,CA,Quebec
847,KBDL,-72.6843158333333,41.9390322222222,US,Connecticut
848,KCON,-71.5022777777778,43.2027222222222,US,New Hampshire
849,CWF2,-80.6214737892,44.463879951,CA,Ontario
850,93OH,,,,
851,LLBG,34.8866996765,32.0113983154,IL,Central District
852,PN37,,,,
853,LSZM,7.5299100876,47.5895996094,CH,Grand Est
854,KLIT,-92.2247772222222,34.7294413888889,US,Arkansas
855,KDVT,-112.082555555556,33.6883055555556,US,Arizona
856,KF45,-80.2223333333333,26.8459166666667,US,Florida
857,KASH,-71.5140944444444,42.7824138888889,US,New Hampshire
858,K06C,-88.1012427777778,41.9893408333333,US,Illinois
859,KDLZ,-83.1133836111111,40.2795421388889,US,Ohio
860,LFGJ,5.4272499084,47.0390014648,FR,Bourgogne-Franche-Comte
861,FD25,-80.4988444444444,27.5624694444444,US,Florida
862,K1R8,-87.8193333333333,30.8703333333333,US,Alabama
863,KINT,-80.2219877222222,36.1337138055556,US,North Carolina
864,KGRR,-85.5228055555555,42.8808333333333,US,Michigan
865,CFL4,,,,
866,YMEN,144.9019927979,-37.728099823,AU,Victoria
867,KLAS,-115.152234722222,36.0800438888889,US,Nevada
868,07VT,-72.9147222222222,44.4472222222222,US,Vermont
869,KOSU,-83.0732127777778,40.0795155555556,US,Ohio
870,CMB7,,,,
871,1IN1,-86.6530583333333,39.48838,US,Indiana
872,94FL,-81.8973083333333,26.7328463888889,US,Florida
873,LFML,5.2214241028,43.439271922,FR,Provence-Alpes-Cote-d'Azur
874,CYNA,-61.7891998291,50.1899986267,CA,Quebec
875,KSTP,-93.0603424444444,44.9346225,US,Minnesota
876,KSFB,-81.2349138888889,28.7771780555556,US,Florida
877,CMN3,,,,
878,KROC,-77.6718688888889,43.1191436111111,US,New York
879,K3HO,-87.2639222222222,41.5559,US,Indiana
880,OH91,,,,
881,KSLK,-74.2061813888889,44.3853080555556,US,New York
882,CYYC,-114.0199966431,51.113899231,CA,Alberta
883,GOBD,-17.066944,14.671111,SN,M'bour
884,KVSF,-72.5172777777778,43.3437222222222,US,Vermont
885,CT52,-73.2912277777778,41.3681511111111,US,Connecticut
886,MM28,-98.9436035156,19.8740005493,MX,Morelos
887,KX26,-80.4955833333333,27.81325,US,Florida
888,KTTN,-74.8134722222222,40.2766944444444,US,New Jersey
889,KLEE,-81.8084175,28.8228980555556,US,Florida
890,CYXX,-122.361000061,49.0252990723,CA,British Columbia
891,KBTV,-73.1532761111111,44.471955,US,Vermont
892,KRNO,-119.768111111111,39.4991111111111,US,Nevada
893,KRST,-92.5000277777778,43.9082777777778,US,Minnesota
894,KOAK,-122.221138888889,37.72125,US,California
895,CYLQ,-72.7889022827,47.4096984863,CA,Quebec
896,PANC,-149.9981375,61.1740847222222,US,Alaska
897,LEAL,-0.5581560135,38.2821998596,ES,Valencia
898,LGAV,23.9444999695,37.9364013672,GR,Attica
899,CSN7,-73.0077972412,45.2855987549,CA,Quebec
900,CME2,,,,
901,KGSP,-82.2188594444444,34.8956711111111,US,South Carolina
902,PS52,-78.8327997222222,40.1950769444444,US,Pennsylvania
903,LIRF,12.2508001328,41.8045005798,IT,Latium
904,KATW,-88.5190722222222,44.2580930555556,US,Wisconsin
905,OTHH,51.6137665,25.2605946,QA,Baladiyat-ad-Dawḩah
906,KN66,-75.0644722222222,42.5247777777778,US,New York
907,KGHG,-70.6730198611111,42.0974988333333,US,Massachusetts
908,KHFF,-79.4975130555556,35.0363016666667,US,North Carolina
909,OI69,-81.1670441666667,41.7783797222222,US,Ohio
910,KOIC,-75.5241111111111,42.5665555555556,US,New York
911,SC08,,,,
912,ELLX,6.211520195,49.6265983582,LU,Luxembourg
913,KCID,-91.7107986111111,41.8846885833333,US,Iowa
914,KPNE,-75.0105775,40.0819388888889,US,Pennsylvania
915,8WI6,-87.6528708333333,44.6097180555556,US,Wisconsin
916,KAXH,-95.4769166666667,29.5061388888889,US,Texas
917,II19,,,,
918,6FD6,-81.4331233333333,28.9049886111111,US,Florida
919,06MO,-94.8044058333333,39.2305575,US,Missouri
920,DAAG,3.2154099941,36.6910018921,DZ,Algiers
921,CDD3,-74.3432998657,45.0475006104,CA,Quebec
922,CNY3,-80.1583023071,44.4491996765,CA,Ontario
923,CPR7,-81.2985992432,43.8675003052,CA,Ontario
924,FL84,-81.5703730555555,30.6010702777778,US,Florida
925,CHG2,-53.2538986206,47.6856002808,CA,Newfoundland and Labrador
926,PN01,-79.9058861111111,40.5881227777778,US,Pennsylvania
927,CYSA,-80.9344024658,43.415599823,CA,Ontario
928,EDMO,11.2831001282,48.081401825,DE,Bayern
929,VT22,-73.2670713888889,44.4014388888889,US,Vermont
930,SC72,-82.1464166666667,34.8244722222222,US,South Carolina
931,EVRA,23.9710998535,56.9235992432,LV,Marupe
932,LFPE,2.8352799416,48.9277992249,FR,Ile-de-France
933,NC05,-80.7942380555556,35.40875,US,North Carolina
934,EKAH,10.6190004349,56.2999992371,DK,Central Jutland
935,LPCS,-9.3552303314,38.7249984741,PT,Lisbon
936,89IN,-86.3897158333333,39.5069919444444,US,Indiana
937,CNQ4,,,,
938,CBN7,,,,
939,KTUL,-95.8881055555556,36.1983936111111,US,Oklahoma
940,CSU3,-73.0141983032,45.6049995422,CA,Quebec
941,1NK6,-73.749585,44.4236577777778,US,New York
942,KDAB,-81.0580422222222,29.1799088888889,US,Florida
943,CSL5,-70.8891983032,46.1183013916,CA,Quebec
944,K0B8,-72.0316388888889,41.2521388888889,US,New York
945,KSLC,-111.977773333333,40.7883933333333,US,Utah
946,FA24,-80.6122222222222,27.0933333333333,US,Florida
947,EGKB,0.0324999988,51.3307991028,GB,England
948,EDDK,7.1427397728,50.8658981323,DE,Nordrhein-Westfalen
949,PA07,,,,
950,KLKP,-73.9618694444444,44.2644777777778,US,New York
951,MDSD,-69.6688995361,18.4297008514,DO,Nacional
952,KGRB,-88.1297133333333,44.4846336111111,US,Wisconsin
953,EDFH,7.2638897896,49.9486999512,DE,Rheinland-Pfalz
954,KOAJ,-77.6121388888889,34.8291666666667,US,North Carolina
955,KHGR,-77.7265,39.7085,US,Maryland
956,LFBD,-0.7155560255,44.8283004761,FR,Nouvelle-Aquitaine
957,LKPR,14.2600002289,50.1007995605,CZ,Praha
958,CNF4,-78.7838973999,44.3647003174,CA,Ontario
959,5TX6,,,,
960,EDDB,13.500667,52.362167,DE,Brandenburg
961,7MI8,-83.4761111111111,43.3391666666667,US,Michigan
962,LIPE,11.2887001038,44.5354003906,IT,Emilia Romagna
963,KBIS,-100.7457375,46.7727338888889,US,North Dakota
964,KRFD,-89.0972222222222,42.1953611111111,US,Illinois
965,KMPO,-75.3800555555555,41.1376944444444,US,Pennsylvania
966,CYHU,-73.4169006348,45.5175018311,CA,Quebec
967,EBMB,4.4844444444,50.901389,BE,Flanders
968,CNV4,-74.6500015259,45.6166992188,CA,Ontario
969,KCLT,-80.9490555555556,35.21375,US,North Carolina
970,SBMT,-46.6377983093,-23.5090999603,BR,São Paulo
971,KARR,-88.4756666666667,41.7719166666667,US,Illinois
972,KFAY,-78.8802741666667,34.9912111111111,US,North Carolina
973,4NC6,-82.4820833333333,35.4413055555556,US,North Carolina
974,KUCP,-80.4133627777778,41.0253330555556,US,Pennsylvania
975,KMRT,-83.3516330555556,40.2244997222222,US,Ohio
976,K39N,-74.6590063888889,40.3990888888889,US,New Jersey
977,KLOU,-85.6637490555556,38.2279840277778,US,Kentucky
978,KART,-76.0194166666667,43.9918333333333,US,New York
979,06FA,-80.3284140277778,26.9081530555556,US,Florida
980,KSCK,-121.23874,37.8944102777778,US,California
981,KXNA,-94.3077655555555,36.2815791666667,US,Arkansas
982,KTNU,-93.0217283333333,41.67443,US,Iowa
983,RJAA,140.3860015869,35.7647018433,JP,Chiba
984,CYKX,-79.9813995361,48.2103004456,CA,Ontario
985,CSM5,-73.993598938,46.6808013916,CA,Quebec
986,TX32,-97.2433333333333,33.3763888888889,US,Texas
987,KBMG,-86.6166804722222,39.1460208333333,US,Indiana
988,KISP,-73.1006650555556,40.7961356944444,US,New York
989,KAUS,-97.6698761111111,30.1945272222222,US,Texas
990,KDTW,-83.3533888888889,42.2124444444445,US,Michigan
991,KTIX,-80.7992222222222,28.5148055555556,US,Florida
992,CNQ3,-79.3246994019,42.9791984558,CA,Ontario
993,PA05,,,,
994,CRM4,,,,
995,CST3,-74.1340041161,45.3903282887,CA,Quebec
996,CYXR,-79.8473453522,47.6974006546,CA,Ontario
997,KSGF,-93.3886388888889,37.2456666666667,US,Missouri
998,KCHA,-85.2035555555556,35.0351944444444,US,Tennessee
999,FL59,-81.7103597222222,26.643405,US,Florida
1000,LPBJ,-7.9324002266,38.0788993835,PT,Beja
1001,KJEF,-92.1561447222222,38.5911736111111,US,Missouri
1002,KACY,-74.5771666666667,39.4575833333333,US,New Jersey
1003,KMCO,-81.309,28.4293888888889,US,Florida
1004,CYCD,-123.8700027466,49.0522994995,CA,British Columbia
1005,KSAT,-98.4690569444444,29.5339583333333,US,Texas
1006,KHYA,-70.2803591666667,41.6693372222222,US,Massachusetts
1007,KLCK,-82.9278055555556,39.8137777777778,US,Ohio
1008,8OI3,-80.6689663888889,41.3733888888889,US,Ohio
1009,CNL8,-79.8788986206,44.6553001404,CA,Ontario
1010,0TS2,,,,
1011,VT42,-72.6070583333333,44.5125527777778,US,Vermont
1012,CTH8,,,,
1013,EGBB,-1.7480299473,52.4538993835,GB,England
1014,CNL3,-75.7502975464,44.6394004822,CA,Ontario
1015,KU77,,,,
1016,KMRB,-77.983,39.4023577777778,US,West Virginia
1017,FD57,-80.4164411111111,27.46976,US,Florida
1018,24CT,-71.9668833333333,41.5668861111111,US,Connecticut
1019,CFF9,-112.7779998779,53.0313987732,CA,Alberta
1020,24ME,-70.4427777777778,43.8222222222222,US,Maine
1021,CYTR,-77.5280990601,44.1189002991,CA,Ontario
1022,KLGA,-73.8726111111111,40.77725,US,New York
1023,5CT7,-72.2961944444444,41.3023333333333,US,Connecticut
1024,VT46,-73.28652,44.8719855555556,US,Vermont
1025,MI39,-85.8391083333333,42.8522361111111,US,Michigan
1026,CSX5,-73.1994018555,45.4719009399,CA,Quebec
1027,LFVP,-56.1730995178,46.7629013062,PM,
1028,4FA3,-82.1178697222222,26.6434066666667,US,Florida
1029,CSS4,-72.818901062,45.6324996948,CA,Quebec
1030,2CN8,-117.151388888889,34.3041666666667,US,California
1031,KDXR,-73.4821894444444,41.3715344444444,US,Connecticut
1032,IN58,-86.2629236111111,39.5013347222222,US,Indiana
1033,KOKV,-78.1444444444444,39.1435277777778,US,Virginia
1034,CPV4,-80.0136208534,44.1439218832,CA,Ontario
1035,KFAR,-96.81575,46.9206388888889,US,North Dakota
1036,LL61,,,,
1037,08FA,-81.4836886111111,26.5797947222222,US,Florida
1038,KHFD,-72.6494444444445,41.7367222222222,US,Connecticut
1039,CYSZ,-66.5291976929,49.120300293,CA,Quebec
1040, 17AR,,,,
1041,CSN5,-71.7944030762,45.0155982971,CA,Quebec
1042,NY09,,,,
1043,CCM3,-66.1606140137,47.1910552979,CA,New Brunswick
1044,CT48,-71.9253505555556,41.4367652777778,US,Connecticut
1045,KBED,-71.289,42.4699444444444,US,Massachusetts
1046,ENBR,5.2181401253,60.2933998108,NO,Hordaland
1047,KSYR,-76.1063055555556,43.1111944444444,US,New York
1048,CLA6,-74.361000061,45.2004013062,CA,Ontario
1049,KPIE,-82.68651,27.9086336111111,US,Florida
1050,KVJI,-82.0333266944444,36.6871025277778,US,Virginia
1051,LFLM,4.7957701683,46.2951011658,FR,Bourgogne-Franche-Comte
1052,CKR4,-98.0567016602,50.7033004761,CA,Manitoba
1053,KMDT,-76.7626191666667,40.1931916666667,US,Pennsylvania
1054,KBKL,-81.6826388888889,41.5178611111111,US,Ohio
1055,LMML,14.4775,35.857498,MT,Luqa
1056,CCQ3,-63.4606018066,45.418598175,CA,Nova Scotia
1057,EBBR,4.4844398499,50.9014015198,BE,Flanders
1058,KDDH,-73.2460833333333,42.8911944444444,US,Vermont
1059,KSAN,-117.189663333333,32.7335627777778,US,California
1060,CMF2,-113.738236427,53.1846546068,CA,Alberta
1061,LFMY,5.1092500687,43.6063995361,FR,Provence-Alpes-Cote-d'Azur
1062,KTEB,-74.0608333333333,40.8501111111111,US,New Jersey
1063,KRDG,-75.9652472222222,40.3784986111111,US,Pennsylvania
1064,LPFR,-7.9659099579,37.0144004822,PT,Faro
1065,01FL,-81.1592277777778,28.7819361111111,US,Florida
1066,20KY,-84.6711111111111,38.8169444444444,US,Kentucky
1067,KIND,-86.2946388888889,39.7173055555556,US,Indiana
1068,MMHC,-97.4198989868,18.4972000122,MX,Puebla
1069,LGMK,25.3481006622,37.4351005554,GR,South Aegean
1070,02AR,-93.6965,34.1169444444444,US,Arkansas
1071,EDDS,9.2219600677,48.6898994446,DE,Baden-Württemberg
1072,OMDB,55.3643989563,25.2527999878,AE,Dubai
1073,KLOT,-88.0963897222222,41.6080969444444,US,Illinois
1074,CSC3,-72.3946990967,45.8452987671,CA,Quebec
1075,KPDX,-122.596869416667,45.5887088611111,US,Oregon
1076,FA69,-80.6372791666667,26.5878475,US,Florida
1077,VT63,,,,
1078,CNP7,-75.3114089966,44.8421783447,CA,Ontario
1079,CCP3,-75.2450027466,46.6610984802,CA,Quebec
1080,KMLB,-80.64525,28.10275,US,Florida
1081,CYZD,-79.4655990601,43.7425003052,CA,Ontario
1082,LFKL,4.6977801323,45.7117004395,FR,Auvergne-Rhone-Alpes
1083,UT13,,,,
1084,56NC,-82.0319444444444,35.2066666666667,US,North Carolina
1085,MA36,-70.8529666666667,42.6664825,US,Massachusetts
1086,ETAR,7.600279808,49.4369010925,DE,Rheinland-Pfalz
1087,KSDM,-116.980166666667,32.5722777777778,US,California
1088,CKD8,-78.8892602921,44.5399876549,CA,Ontario
1089,LD57,15.1632003784,44.2099990845,HR,Zadarska
1090,KMLI,-90.5075277777778,41.4482777777778,US,Illinois
1091,CYYJ,-123.4260025024,48.646900177,CA,British Columbia
1092, CYYZ,,,,
1093,KOCF,-82.2241146388889,29.1718767777778,US,Florida
1094,14MI,,,,
1095,VT64,,,,
1096,CNA3,-79.7316970825,44.4063987732,CA,Ontario
1097,KSRQ,-82.5543888888889,27.3954444444444,US,Florida
1098,94NY,-76.6913372222222,42.8250686111111,US,New York
1099,KMGJ,-74.2635391666667,41.5118116666667,US,New York
1100, KOSU,,,,
1101,KLSE,-91.2566336111111,43.8792656666667,US,Wisconsin
1102,SC33,,,,
1103,KK32,,,,
1104,DE49,,,,
1105,CYEE,-79.9282989502,44.6833000183,CA,Ontario
1106, KDFW,,,,
1107, CYOW,,,,
1108,KCOS,-104.700776388889,38.8058166666667,US,Colorado
1109,OERK,46.6987991333,24.9575996399,SA,
1110,CNE4,-80.793296814,48.7416992188,CA,Ontario
1111,49OH,-83.2363986111111,39.9354513888889,US,Ohio
1112,KAPA,-104.849293055556,39.5701186111111,US,Colorado
1113,CYVO,-77.7827987671,48.0532989502,CA,Quebec
1114,6FL3,-81.5670222222222,26.9372811111111,US,Florida
1115,TS53,,,,
1116,LTFM,28.752,41.275333,TR,Istanbul
1117,LEZG,-1.0415500402,41.6661987305,ES,Aragon
1118,CNF8,-78.9725036621,45.3144454956,CA,Ontario
1119,71NC,-79.4497222222222,36.2633333333333,US,North Carolina
1120,CT32,-71.8345152777778,41.5353766666667,US,Connecticut
1121,KPMP,-80.1112075,26.2474005555556,US,Florida
1122,CPJ5,-77.5616989136,44.2414016724,CA,Ontario
1123,CSY4,-74.1813964844,46.3058013916,CA,Quebec
1124,MMPB,-98.3713989258,19.1581001282,MX,Puebla
1125,KUGN,-87.8679161111111,42.4221486111111,US,Illinois
1126,CYSH,-75.9405975342,44.9458007813,CA,Ontario
1127,FL35,-82.4877777777778,28.175,US,Florida
1128,EGSC,0.174999997,52.2050018311,GB,England
1129,KTNT,-80.897,25.8618055555556,US,Florida
1130,VT26,-73.3067975,44.6344897222222,US,Vermont
1131,4FL3,-80.6661675,27.7416958333333,US,Florida
1132,BIKF,-22.6056003571,63.9850006104,IS,Southern Peninsula
1133,CNT7,-77.1391983032,43.989200592,CA,Ontario
1134,KSBY,-75.5094780555556,38.3401894444444,US,Maryland
1135,KAVQ,-111.218388888889,32.4095555555556,US,Arizona
1136,LPAR,-9.0300998688,38.8833007813,PT,Lisbon
1137,KAPF,-81.7756391944444,26.1524408055556,US,Florida
1138,MPRH,-80.128333,8.373333,PA,Coclé
1139,KDAL,-96.8508766666667,32.8459447222222,US,Texas
1140,CYSJ,-65.890296936,45.3161010742,CA,New Brunswick
1141,CPS2,-78.1072568893,44.251470223,CA,Ontario
1142,CYSG,-70.7146987915,46.0964012146,CA,Quebec
1143,KFDK,-77.3747322222222,39.4170211111111,US,Maryland
1144,KSPG,-82.6269738888889,27.7651138888889,US,Florida
1145,VG00,,,,
1146,CNZ8,-79.5991973877,43.1599998474,CA,Ontario
1147,75MN,-93.7141166666667,44.1866333333333,US,Minnesota
1148,MI72,,,,
1149,KOJC,-94.7375838888889,38.8475977777778,US,Kansas
1150,EGHI,-1.3567999601,50.9502983093,GB,England
1151,0NK8,,,,
1152,KFLL,-80.1496944444444,26.0716666666667,US,Florida
1153,CSD3,-74.1414031982,45.2083015442,CA,Quebec
1154,SAEZ,-58.5358,-34.8222,AR,Buenos-Aires
1155,CYHM,-79.9349975586,43.1735992432,CA,Ontario
1156,FD74,-80.9022825,28.0658511111111,US,Florida
1157,KFFO,-84.0461028333333,39.8259705277778,US,Ohio
1158,CYJN,-73.2810974121,45.2943992615,CA,Quebec
1159,NC37,-79.8411469444444,36.3401363888889,US,North Carolina
1160,KBAK,-85.8963388888889,39.261915,US,Indiana
1161,LBSF,23.4114360809,42.6966934204,BG,Sofia-Capital
1162,KHVN,-72.8877291666667,41.2637247222222,US,Connecticut
1163, 14MI,,,,
1164,MN77,-96.7156336111111,46.9235736111111,US,Minnesota
1165,GA43,-81.4266666666667,32.3213888888889,US,Georgia
1166,CYKZ,-79.3700027466,43.8622016907,CA,Ontario
1167,CYVK,-119.3310012817,50.2481002808,CA,British Columbia
1168,KCDW,-74.2813502777778,40.8752247222222,US,New Jersey
1169,1FD4,-81.6073030555555,26.4453566666667,US,Florida
1170,CSJ4,-72.9044036865,46.2461013794,CA,Quebec
1171,78ME,-70.2591666666667,43.7530555555556,US,Maine
1172,1TE2,,,,
1173,KBWG,-86.4196666666667,36.9645277777778,US,Kentucky
1174,CNS4,-74.6257247925,45.3306999207,CA,Ontario
1175,2NK3,-72.2665638888889,41.1516861111111,US,New York
1176,CYSB,-80.7988967896,46.625,CA,Ontario
1177,KFGX,-83.7433766666667,38.5418172222222,US,Kentucky
1178,CYSU,-63.8335990906,46.4406013489,CA,Prince Edward Island
1179,KBMI,-88.9159166666667,40.4771111111111,US,Illinois
1180,47FD,-81.7706388888889,26.6628488888889,US,Florida
1181,KFFT,-84.9067497777778,38.1817316944444,US,Kentucky
1182,CPG5,-74.5488967896,45.5828018188,CA,Ontario
1183,CYZR,-82.3088989258,42.9994010925,CA,Ontario
1184,LSMP,6.9150600433,46.8432006836,CH,Vaud
1185,KSVN,-81.1459877777778,32.0100202777778,US,Georgia
1186,LFMF,6.7027797699,43.6088981628,FR,Provence-Alpes-Cote-d'Azur
1187,KTPA,-82.53325,27.9754722222222,US,Florida
1188,MDPC,-68.3634033203,18.5673999786,DO,La Altagracia
1189,KAPC,-122.280687222222,38.2131891666667,US,California
1190,61OH,-81.2095455555556,41.1981116666667,US,Ohio
1191,KDCA,-77.0377213888889,38.8514402777778,US,Dist. Of Columbia
1192,KIAD,-77.4599444444444,38.9474444444444,US,Dist. Of Columbia
1193,CPR5,-80.8218669891,43.1082677518,CA,Ontario
1194,42II,,,,
1195,25GA,-84.6629888888889,33.6595538888889,US,Georgia
1196,CPD4,-81.2332992554,43.75,CA,Ontario
1197,HECA,31.4055995941,30.1219005585,EG,Cairo
1198,PA53,-75.5282402777778,41.6270261111111,US,Pennsylvania
1199,CEQ3,-112.8160018921,53.0402984619,CA,Alberta
1200,OMAA,54.6511001587,24.4330005646,AE,Abu Dhabi
1201,CYYG,-63.1211013794,46.2900009155,CA,Prince Edward Island
1202,FL95,-80.45283,27.7086411111111,US,Florida
1203,4NY0,-73.5462477777778,44.6689319444444,US,New York
1204,CLC2,-81.1256027222,43.0682983398,CA,Ontario
1205,KVRB,-80.4179444444444,27.6555555555556,US,Florida
1206,KPSM,-70.8232777777778,43.0779444444444,US,New Hampshire
1207,7PS7,,,,
1208,4KS1,-95.0330227777778,38.6852875,US,Kansas
1209,4TE6,-97.7951638888889,31.8388166666667,US,Texas
1210,71ME,-70.6011111111111,43.9669444444444,US,Maine
1211,YSSY,151.1770019531,-33.9460983276,AU,New South Wales
1212,EGTE,-3.4138898849,50.7344017029,GB,England
1213,CYKA,-120.4440002441,50.7022018433,CA,British Columbia
1214,TXKF,-64.6787033081,32.3639984131,BM,Saint-Georgeʼs
1215,MA80,-72.8142627777778,42.1198147222222,US,Massachusetts
1216,MA88,-72.9309311111111,42.3900869444444,US,Massachusetts
1217,VT15,-73.2459638888889,44.7039330555556,US,Vermont
1218,KI67,-84.7743055555556,39.2592686111111,US,Ohio
1219,KBCT,-80.1076963888889,26.3784855555556,US,Florida
1220,EGCN,-1.0106563568,53.4805378105,GB,England
1221,9WS2,,,,
1222,VG22,-78.8935583333333,37.8788194444444,US,Virginia
1223,K0I8,-84.2833444444444,38.3661638888889,US,Kentucky
1224,KLBE,-79.4103255555556,40.2731005,US,Pennsylvania
1225,KFTW,-97.36245,32.8197702777778,US,Texas
1226,KMHT,-71.43575,42.9328055555556,US,New Hampshire
1227,SC43,-82.3990122222222,34.5937258333333,US,South Carolina
1228,GA53,-84.3718705555555,33.8151047222222,US,Georgia
1229,65LA,-90.0222927777778,29.8660394444444,US,Louisiana
1230,EGNT,-1.6916699409,55.0374984741,GB,England
1231,KHWO,-80.2407222222222,26.0012222222222,US,Florida
1232,KAXQ,-79.4421666666667,41.2249444444444,US,Pennsylvania
1233,LEGE,2.7605500221,41.9010009766,ES,Catalonia
