,Unnamed: 0,airport,freq,lon,lat,continent,country,sub,city
0,1,48WI,1,92.61300163914983,216.39792091420992,America,US,Wisconsin,Hazelhurst
1,2,KVJI,1,-187.7224686047712,136.57097315007496,America,US,Virginia,Abingdon
2,3,SDTB,6,-79.69116744599178,-233.60391089004187,America,BR,São Paulo,Atibaia
3,4,KELM,1,-127.95594629015837,37.67171353749651,America,US,New York,Elmira/Corning
4,5,FA51,2,-360.3834693024655,119.53013284202656,America,US,Florida,La Belle
5,9,EGKB,8,100.34028575408968,-35.301860880509786,Europe,GB,England,London
6,10,KISP,14,-168.57682891356782,-103.86839090274889,America,US,New York,New York
7,12,SBGL,2,-46.63680790279518,-216.1568054816537,America,BR,Rio de Janeiro,Rio De Janeiro
8,13,86MI,63,-66.98996250311232,194.2243407124004,America,US,Michigan,Willis
9,14,41KS,1,-88.73318939945025,328.1105999865892,America,US,Kansas,Spring Hill
10,15,MPHO,2,-379.1440334970169,23.41217402578304,America,PA,Panama,Panama City
11,17,SEAS,1,-36.63680790279518,-206.1568054816537,America,EC,Pichincha,Ascazubi
12,19,EDDG,1,192.2902639611297,60.27353589909137,Europe,DE,Nordrhein-Westfalen,Munster
13,20,MMHC,1,-273.64573753467585,322.209272108045,America,MX,Puebla,
14,21,KHSV,3,-236.7403397518799,269.90384448003937,America,US,Alabama,Huntsville
15,23,EIDW,133,72.01128456909522,-40.44181359862534,Europe,IE,Leinster,Dublin
16,25,II43,2,-59.52570114814998,242.32215985744745,America,US,Indiana,Granger
17,28,KOWD,14,-39.88218104077631,-120.87378321877664,America,US,Massachusetts,Norwood
18,30,54MI,1,-33.89663602814124,187.16524923431055,America,US,Michigan,Bryon
19,34,K02C,2,13.183735496306447,223.3775411466051,America,US,Wisconsin,Brookfield
20,36,KSDM,4,-35.404608292282546,414.4513852670568,America,US,California,San Diego
21,37,KHYA,12,-73.32793917041698,-150.06565242018385,America,US,Massachusetts,Hyannis
22,39,2NC1,111,-215.4127356320456,103.10245484422803,America,US,North Carolina,Waxhaw
23,40,TVSV,1,-241.3391654069777,-137.07163679253222,America,VC,Saint-George,Kingstown
24,43,KRDG,1,-133.70985878691695,-28.584085708535216,America,US,Pennsylvania,Reading
25,45,LLBG,127,208.98519127051023,-98.49908254980758,Asia,IL,Central District,Tel Aviv
26,46,KRME,8,-108.80485497934296,68.65301496544329,America,US,New York,Rome
27,47,EDDW,3,219.29400431585327,68.35928575167564,Europe,DE,Bremen,Bremen
28,51,KB19,2,-10.288015693947887,-42.855899767189726,America,US,Maine,Biddeford
29,53,4FA3,1,-290.92701948400116,175.69517662942053,America,US,Florida,Fort Myers
30,54,KSFM,2,-20.830164184984568,-55.23657781393926,America,US,Maine,Sanford
31,56,KFTW,9,-138.37414394023844,373.41165482089446,America,US,Texas,Fort Worth
32,57,5NY1,1,-93.95374534418187,-84.9874319252946,America,US,New York,Meridale
33,60,EVRA,4,263.10743768043113,121.80935213741309,Europe,LV,Marupe,Riga
34,61,89IN,1,-142.91806632850276,259.95089550694286,America,US,Indiana,Martinsville
35,62,KESN,3,-184.65974570894758,-19.762105573157317,America,US,Maryland,Easton
36,64,EGWU,1,109.36167673103074,-13.328180637464769,Europe,GB,England,London
37,65,KGTB,2,-53.80270793261596,110.41152029774082,America,US,New York,Fort Drum
38,66,OK94,1,-95.67778041880027,329.161753699808,America,US,Oklahoma,Collinsville
39,67,KORD,3522,-34.75794056056134,287.3771518542492,America,US,Illinois,Chicago
40,68,K20A,1,-219.5134722767512,249.8415616272437,America,US,Alabama,Oneonta
41,69,KGSP,1,-229.69344457720905,157.6920694766434,America,US,South Carolina,Greer
42,70,EGJB,1,43.67302750246605,-105.0175857577693,Europe,GG,Forest,Saint Peter Port
43,71,SNEJ,4,-51.848198452751944,-227.2819685862538,America,BR,Minas Gerais,Camanducaia
44,72,OJAM,46,220.3536887168429,-78.40243031419453,Asia,JO,Amman,Amman
45,73,KDET,18,-52.86297921919509,195.6278270868113,America,US,Michigan,Detroit
46,75,LFNR,26,93.84549858120296,-178.95705997057084,Europe,FR,Provence-Alpes-Cote-d'Azur,Mende
47,76,42OH,2,-131.82260154501523,123.90332258813204,America,US,Ohio,Newton Falls
48,77,EGLL,1091,106.0283295136016,-18.82861668616246,Europe,GB,England,London
49,78,31MA,2,-59.22443373317573,-126.35011208329324,America,US,Massachusetts,Belchertown
50,79,EGLM,1,94.8962706976519,-25.660658753253397,Europe,GB,,Maidenhead
51,81,KPTD,1,-51.00103429984904,94.10632961333012,America,US,New York,Potsdam
52,82,KMTN,7,-173.21979856235512,-10.843860052785567,America,US,Maryland,Baltimore
53,83,KTUL,6,-113.54485033395711,342.5552551990045,America,US,Oklahoma,Tulsa
54,87,KMPO,1,-135.65978746193758,-45.50523770189479,America,US,Pennsylvania,Mount Pocono
55,89,KSGR,1,-200.74249855407265,320.8169181553416,America,US,Texas,Houston
56,90,IG07,10,-153.32438208658135,207.74534128306124,America,US,Indiana,Moores Hill
57,91,KSAN,104,-11.45563788633745,382.2111682346885,America,US,California,San Diego
58,92,LIPE,7,162.47689020320362,-93.35413141269832,Europe,IT,Emilia Romagna,Bologna
59,93,KMRT,1,-104.66245853963223,167.40997097419657,America,US,Ohio,Marysville
60,94,RJAA,24,258.5778258301342,195.7830513210819,Asia,JP,Chiba,Tokyo
61,95,VT26,93,-75.61999473275431,43.10814964597861,America,US,Vermont,South Hero
62,96,LD57,1,190.66866827435194,-58.955866740227066,Europe,HR,Zadarska,Zaton
63,97,EDGS,1,179.14004833307396,37.12608289549914,Europe,DE,Nordrhein-Westfalen,
64,98,K4G8,1,-82.30279888828466,152.45050812727703,America,US,Ohio,Columbia Station
65,99,KGEG,1,87.40516575533688,275.0205628634396,America,US,Washington,Spokane
66,100,KXNA,2,-131.65180619242676,308.44153955424986,America,US,Arkansas,Fayetteville/Springdale/Rogers
67,101,LS76,1,-280.64453708420365,281.2627241963478,America,US,Louisiana,Covington
68,102,1CA6,1,-29.25994223754649,403.2505064950259,America,US,California,Alpine
69,103,EDDP,3,231.55675578662135,54.864807181321176,Europe,DE,Saxony,Leipzig
70,104,VG20,1,-238.6810567293082,-43.716166010345376,America,US,Virginia,Onley
71,106,KUMP,1,-111.56688173005395,234.45099450534352,America,US,Indiana,Indianapolis
72,107,KMDT,20,-139.80626168915396,20.626838398297128,America,US,Pennsylvania,Harrisburg
73,108,PS52,1,-179.24580799333134,62.72076429163863,America,US,Pennsylvania,Johnstown
74,109,KSCK,1,61.606785496563816,330.6971580719105,America,US,California,Stockton
75,110,OA16,79,-146.62273668271538,200.732778156186,America,US,Ohio,North Bend
76,111,KCSG,1,-281.240531218027,254.1567740774652,America,US,Georgia,Columbus
77,112,KMSP,489,40.723385884894945,256.9652428726397,America,US,Minnesota,Minneapolis
78,113,MI13,1,-2.792844196388545,184.55127956231527,America,US,Michigan,Sheridan
79,114,31II,1,-161.53977472055257,216.2422276726064,America,US,Indiana,Rising Sun
80,115,MMCZ,7,-349.3857686276603,243.6683257465951,America,MX,Quintana Roo,Cozumel
81,117,LHKE,2,240.15888961863726,17.946108450435,Europe,HU,Bacs-Kiskun,Kecskemet
82,118,LFHC,126,119.05042578422884,-129.7178219249916,Europe,FR,Auvergne-Rhone-Alpes,Verdun
83,122,KFAF,2,-241.70962546385195,-18.94009588654916,America,US,Virginia,Fort Eustis
84,123,OTBD,2,244.8559091680469,-39.34432080628166,Asia,QA,Baladiyat-ad-Dawḩah,Doha
85,124,SKBO,89,-208.21809737403174,-116.56514747666624,America,CO,Bogota-D-C-,Bogota
86,125,KHWV,2,-173.94343417404107,-114.5441885305406,America,US,New York,Shirley
87,129,KGRB,21,64.52632970753446,205.6965744316624,America,US,Wisconsin,Green Bay
88,130,95FD,9,-394.8743593119532,131.78465181243402,America,US,Florida,La Belle
89,131,VT30,2,-102.53666408179727,15.397358671543124,America,US,Vermont,Waitsfield
90,134,KJST,1,-166.24565331305934,69.35898093274572,America,US,Pennsylvania,Johnstown
91,135,MMSM,1,-232.72419277866703,364.5413549950845,America,MX,Mexico,Reyes Acozac
92,136,KALO,1,7.417674462691765,278.3387236112147,America,US,Iowa,Waterloo
93,137,KTPF,2,-274.58991556061676,186.94143510890592,America,US,Florida,Tampa
94,139,KSEE,1,-25.452733496377757,391.3158981894612,America,US,California,San Diego/El Cajon
95,141,VT22,1,-84.24948211452141,30.96461882137431,America,US,Vermont,Shelburne
96,142,EDDF,865,165.56903792126653,16.98220770306652,Europe,DE,Hesse,Frankfurt-am-Main
97,143,LEAL,1,25.02201244947351,-175.41124936223991,Europe,ES,Valencia,Alicante
98,144,LFVP,3,-2.805986887258834,-130.15501600193858,America,PM,,Saint-Pierre
99,146,EDXW,1,195.71737400664665,90.69030773482538,Europe,DE,Schleswig-Holstein,Westerland
100,147,0VA9,1,-252.96014197411552,-41.59544383831697,America,US,Virginia,Gloucester Court House
101,148,EETN,2,269.10575631578473,131.99733444678276,Europe,EE,Harjumaa,Tallinn
102,149,06TE,1,-208.31701119361657,286.98547657455947,America,US,Texas,Cleveland
103,150,MDMA,27,-278.21809737403174,-106.56514747666624,America,DO,La Altagracia,La Romana
104,151,LSZB,2,132.9982539660685,-64.6751803483941,Europe,CH,Bern,Bern
105,152,KDCA,802,-188.66627033448066,-1.1049686297745605,America,US,Dist. Of Columbia,Washington
106,153,EGSS,30,117.86396978237772,-12.275680368511344,Europe,GB,England,London
107,154,PN18,4,-93.9628417293691,114.41440539677994,America,US,Pennsylvania,Fairview
108,156,6NY1,1,-134.88984321467316,59.09482717732629,America,US,New York,Corning
109,157,KBTP,1,-169.63257675944533,96.34481613797486,America,US,Pennsylvania,Butler
110,158,KPAE,1,121.42216722060859,330.071648187756,America,US,Washington,Everett
111,159,NK08,1,-106.7268340816654,-91.65661213396504,America,US,New York,High Falls
112,160,SKMA,5,-309.9156622341827,45.00838458044646,America,CO,Cundinamarca,Madrid
113,163,KT51,2,-182.81246400506825,323.12722577307,America,US,Texas,Houston
114,164,KSWF,13,-132.87595733795402,-83.10755794962904,America,US,New York,New York
115,165,KLOT,1,-51.700282494996635,295.2525466742238,America,US,Illinois,Chicago/Romeoville
116,167,SBBP,3,-85.95474349511065,-221.29463285020628,America,BR,São Paulo,Braganca Paulista
117,169,MI23,1,23.619570086991093,180.4324273326415,America,US,Michigan,Bridgeport
118,171,KSGJ,1,-267.5134814143529,118.1652278015371,America,US,Florida,St Augustine
119,172,2NH5,1,-67.17384046204079,-29.632841727536768,America,US,New Hampshire,Westmoreland
120,173,KNGU,1,-265.9006832938508,-61.862268006356544,America,US,Virginia,Norfolk
121,174,LEMG,88,18.278657944348918,-230.2647082425349,Europe,ES,Andalusia,Malaga
122,176,LFMY,4,93.84547052397573,-178.95700910846193,Europe,FR,Provence-Alpes-Cote-d'Azur,Salon
123,177,TXKF,59,-231.45478814915725,-146.3735010179747,Atlantic,BM,Saint-Georgeʼs,Hamilton
124,178,KRST,4,21.886698138924,253.35308933814468,America,US,Minnesota,Rochester
125,179,LPBJ,5,7.1454970047201725,-216.27775004996812,Europe,PT,Beja,Beja
126,180,KHGR,5,-162.17014623792645,48.54891858481279,America,US,Maryland,Hagerstown
127,181,KUES,4,9.767412003092012,233.9849100428817,America,US,Wisconsin,Waukesha
128,182,KCHA,7,-203.82225914213308,227.53181680948765,America,US,Tennessee,Chattanooga
129,183,15NC,1,-256.4473986204145,-16.383694215428566,America,US,North Carolina,Ahoskie
130,186,MMUN,431,-329.1459782197041,251.02939657523493,America,MX,Quintana Roo,Cancun
131,190,EGNS,1,125.04666421420471,47.61887032947781,Europe,IM,Castletown,Castletown
132,191,LFGJ,1,111.60118866066551,-82.11647515355189,Europe,FR,Bourgogne-Franche-Comte,Dole/Tavaux
133,192,KGON,11,-189.1875667575531,-157.136342652075,America,US,Connecticut,Groton (New London)
134,193,4KY7,4,-172.0494066808543,194.03850362261957,America,US,Kentucky,Verona
135,198,KPIT,87,-157.78804721506276,98.95199815679771,America,US,Pennsylvania,Pittsburgh
136,199,KSJC,12,53.8931621786519,340.856582233786,America,US,California,San Jose
137,201,KPDX,6,93.42037889528567,329.7234212246169,America,US,Oregon,Portland
138,203,LFRE,1,38.76652875972158,-138.37939434585044,Europe,FR,Pays-de-la-Loire,La Baule-Escoublac
139,204,5CT5,1,-122.71863291601849,-120.15254439395156,America,US,Connecticut,Bethlehem
140,205,LIMC,182,145.05464346935827,-90.62946580258172,Europe,IT,Lombardy,Milan
141,206,EDDN,3,190.62614004169748,25.53681020224913,Europe,DE,Bayern,Nuremberg
142,207,CT48,4,-175.27814515318096,-180.08972460791276,America,US,Connecticut,Mystic
143,210,KSFZ,1,-86.33654787576317,-158.11261818324587,America,US,Rhode Island,Pawtucket
144,211,KPHL,2065,-178.891339267467,-44.97452563950917,America,US,Pennsylvania,Philadelphia
145,215,MA43,18,-104.3018451215032,-153.38722061361338,America,US,Massachusetts,Granville
146,216,KDMW,1,-149.1429270975323,12.734222396775898,America,US,Maryland,Westminster
147,218,K7B2,15,-53.91698570969404,-107.30672165498784,America,US,Massachusetts,Northampton
148,219,IS59,1,-27.9611278244012,247.71707398729828,America,US,Illinois,Kirkland
149,220,KHEF,9,-207.4382738231877,24.145881436240305,America,US,Dist. Of Columbia,Washington
150,221,KMKE,25,3.0067912266676,231.70418832558323,America,US,Wisconsin,Milwaukee
151,222,KBOI,1,80.97596234877282,293.01765288076206,America,US,Idaho,Boise
152,223,KRZT,3,-171.339419724911,162.16140207162533,America,US,Ohio,Chillicothe
153,225,06MO,1,-64.45919668976663,319.4786307855237,America,US,Missouri,Waldron
154,226,KSFO,1065,68.81841107715871,385.02511028215713,America,US,California,San Francisco
155,228,EBBR,436,146.092981513099,-5.051988244789334,Europe,BE,Flanders,Brussels
156,229,8WI6,1,54.63426687212541,192.76337657084,America,US,Wisconsin,Luxemburg
157,231,LEGE,1,70.52097066058167,-184.35037032697585,Europe,ES,Catalonia,Girona
158,232,KSBN,2,-70.95150297323782,248.47282122033053,America,US,Indiana,South Bend
159,233,LFFI,15,62.85561463924048,-111.20563486013582,Europe,FR,Pays-de-la-Loire,Ancenis
160,234,KRIC,48,-232.65289935996765,-8.675749042728588,America,US,Virginia,Richmond
161,235,KBVY,4,-39.89029606488574,-68.78446406348485,America,US,Massachusetts,Beverly
162,237,EBCI,4,135.50122467470243,-21.0651893690784,Europe,BE,Wallonia,Brussels
163,239,LFHV,18,81.04370600518986,-101.46316972672967,Europe,FR,Auvergne-Rhone-Alpes,Villefranche/Tarare
164,240,KMIA,1343,-324.3584759956721,15.14005178855824,America,US,Florida,Miami
165,242,LOWL,2,206.20536568888363,11.072420219347054,Europe,AT,Upper-Austria,Linz
166,243,KFFT,1,-194.5611449732419,213.9802417754508,America,US,Kentucky,Frankfort
167,244,EDLV,1,159.39336877025758,49.45147267165724,Europe,DE,Nordrhein-Westfalen,Weeze
168,245,KBAK,4,-134.69488480619933,226.9859474112929,America,US,Indiana,Columbus
169,247,24ME,8,-23.713580833813694,-18.49926063413927,America,US,Maine,Windham
170,249,EINN,24,46.95564797492664,-70.97677045509006,Europe,IE,Munster,Shannon
171,250,KGYY,9,-55.25857650140146,265.1008807972859,America,US,Indiana,Gary
172,251,KLEB,12,-78.8673415690782,-14.333764291296967,America,US,New Hampshire,Lebanon
173,252,KMCI,3,-60.96954294141864,310.84561203973675,America,US,Missouri,Kansas City
174,253,MT54,1,97.94675117806531,271.3369392926065,America,US,Montana,Kalispell
175,254,EDDB,5,239.14021775813058,70.42830699806224,Europe,DE,Brandenburg,Berlin
176,256,K1R8,3,-317.0306874131878,268.1063411325935,America,US,Alabama,Bay Minette
177,257,KAVL,2,-199.7925811203363,163.05480340218267,America,US,North Carolina,Asheville
178,258,KTNU,1,-13.594050137707603,284.89885034158976,America,US,Iowa,Newton
179,259,EGCC,4,131.55626028413005,27.65205171286041,Europe,GB,England,Manchester
180,260,54ME,2,-17.666139913850746,-24.371404252848723,America,US,Maine,New Gloucester
181,261,KSTP,14,61.426430502637714,251.00291215028827,America,US,Minnesota,St Paul
182,262,JY43,1,-151.66665827183508,-70.53872106980275,America,US,New Jersey,West Milford
183,263,KUAO,1,86.38593299322899,304.6394849055793,America,US,Oregon,Aurora
184,264,6FD6,1,-300.0946654068965,146.20168229458076,America,US,Florida,Eustis
185,265,2MD3,3,-175.44259867565543,40.359734838984565,America,US,Maryland,Boyds
186,266,KTNT,1,-344.30045676283294,50.27206995565695,America,US,Florida,Miami
187,267,VT31,1,-95.34410391078593,1.1850245957727032,America,US,Vermont,Washington
188,268,KASH,1,-55.93318317574884,-55.975196562818766,America,US,New Hampshire,Nashua
189,269,TBPB,108,-222.7185730650616,-174.78704809576917,America,BB,Christ-Church,Bridgetown
190,270,LTFM,168,252.59795373058014,1.0717199499342158,Europe,TR,Istanbul,Istanbul
191,271,LFBD,166,33.69512537826547,-142.06995657162366,Europe,FR,Nouvelle-Aquitaine,Bordeaux/Merignac
192,272,KJEF,1,-102.99765962548655,290.25181137630136,America,US,Missouri,Jefferson City
193,273,KCON,2,-62.70679908317197,-41.94380797942799,America,US,New Hampshire,Concord
194,274,78MI,12,-79.39074094376316,186.05404622619923,America,US,Michigan,South Rockwood
195,275,LFHW,14,96.65848829051473,-97.65549000825462,Europe,FR,Auvergne-Rhone-Alpes,Villefranche
196,276,KLZU,1,-224.81887159972987,186.3465846471533,America,US,Georgia,Lawrenceville
197,277,KLAX,1136,32.690457425771335,400.0155030194109,America,US,California,Los Angeles
198,278,K06C,26,-34.15142770263092,290.14393899388546,America,US,Illinois,Chicago/Schaumburg
199,279,07VT,2,-69.90138559651692,24.70801334466968,America,US,Vermont,Jericho
200,280,KACY,13,-227.43136951048217,-62.51200394694405,America,US,New Jersey,Atlantic City
201,281,KVRB,8,-269.21702430201844,13.303739331745884,America,US,Florida,Vero Beach
202,284,WV65,1,-185.0811275287306,82.50466817125839,America,US,West Virginia,Fairmont
203,285,KSGF,2,-118.57426368646266,299.0787859060327,America,US,Missouri,Springfield
204,286,KSOP,1,-237.8234628589757,44.52184019665546,America,US,North Carolina,Pinehurst/Southern Pines
205,287,4TE6,2,-136.91151416689698,385.3013805729602,America,US,Texas,Meridian
206,288,EGMC,3,120.24225019196965,-30.684446548663036,Europe,GB,England,Southend
207,289,K0B8,3,-189.21625588620753,-157.1409649278323,America,US,New York,Fishers Island
208,290,KBLM,12,-213.6438244981972,-92.34975036826025,America,US,New Jersey,Belmar/Farmingdale
209,294,KLGA,4348,-199.06129521132965,-100.4092735083607,America,US,New York,New York
210,295,KFUL,1,14.369700944581114,372.78126286400266,America,US,California,Fullerton
211,296,TLPC,1,-235.7031830765306,-167.4641012963834,America,LC,Castries,Castries
212,297,9NC9,2,-222.19881308302823,73.24986513185517,America,US,North Carolina,Greensboro
213,298,K39N,1,-199.53413529440544,-70.03334821341653,America,US,New Jersey,Princeton/Rocky Hill
214,299,KFTY,23,-252.9699119613435,235.6215803453492,America,US,Georgia,Atlanta
215,300,KSPG,1,-337.17247066068046,220.55718319567305,America,US,Florida,St Petersburg
216,301,KUCP,1,-133.54529177764326,112.16298486727206,America,US,Pennsylvania,New Castle
217,302,KWAL,1,-219.96744426575367,-37.53699413777187,America,US,Virginia,Wallops Island
218,303,LPPD,4,-22.46362645987218,-160.50953122791174,Atlantic,PT,Azores,Ponta Delgada
219,304,KCOS,2,1.462527513065384,313.92016415819666,America,US,Colorado,Colorado Springs
220,305,EGPF,3,150.59377176582274,65.50089356092657,Europe,GB,Scotland,Glasgow
221,306,KBWI,88,-158.93142348571328,-15.548255834184214,America,US,Maryland,Baltimore
222,307,KAGS,3,-249.51119407738346,141.68535055757312,America,US,Georgia,Augusta
223,311,KABE,30,-139.38853168623857,-39.27908732260804,America,US,Pennsylvania,Allentown
224,312,KTTN,25,-193.21878104986027,-65.81912601589858,America,US,New Jersey,Trenton
225,313,LFHN,30,122.07019736371197,-106.27959146628076,Europe,FR,Auvergne-Rhone-Alpes,Verdun
226,314,KJAX,1,-264.3940318068181,135.61346592377814,America,US,Florida,Jacksonville
227,315,KMLI,6,-48.425859181172044,317.7490919456844,America,US,Illinois,Moline
228,316,EDDS,1,166.2508354162975,-9.288311311167648,Europe,DE,Baden-Württemberg,Stuttgart
229,317,NH84,1,-29.81886446361791,-50.38824252274867,America,US,New Hampshire,Northwood
230,318,BIRK,21,147.94617616473465,85.02953081176899,Atlantic,IS,Capital Region,Reykjavik
231,323,KRUT,2,-97.28989900012044,-9.254461182496172,America,US,Vermont,Rutland
232,324,53IN,1,-98.23766861543987,236.56683632031465,America,US,Indiana,Kokomo
233,325,ESSA,5,229.55065890136436,125.3408262346328,Europe,SE,Stockholm,Stockholm
234,327,K3MY,1,-72.12993614850376,298.3602659332784,America,US,Illinois,Peoria
235,328,3NJ6,1,-208.46842103959114,-63.95080271085126,America,US,New Jersey,Rancocas
236,330,MA88,6,-56.881493215736235,-103.3689950280887,America,US,Massachusetts,Worthington
237,331,EDFH,1,157.0223229699524,18.71927713161075,Europe,DE,Rheinland-Pfalz,Hahn
238,332,75MN,1,45.23209971860173,270.7544105891377,America,US,Minnesota,Elysian
239,333,IA56,2,-7.3948266393097954,275.5004922248083,America,US,Iowa,Farrar
240,334,LIBD,3,169.43834379781575,-140.79422138540042,Europe,IT,Apulia,Bari
241,335,KMOD,1,52.52069242258418,315.9340177120714,America,US,California,Modesto
242,337,MA36,1,-34.17019627892926,-81.77800000753001,America,US,Massachusetts,Ipswich
243,338,EGLF,22,74.47202147911324,-49.71256818953989,Europe,GB,England,Farnborough
244,339,KPNE,11,-158.7010856707423,-50.45835315458351,America,US,Pennsylvania,Philadelphia
245,342,LIRP,1,141.7327599129602,-118.32456169717376,Europe,IT,Tuscany,Pisa
246,343,GMME,1,-18.15408055646485,-185.6259938585229,Africa,MA,,Rabat
247,345,2GA9,1,-245.8982667499138,204.46213117642557,America,US,Georgia,Snellville
248,346,KGFL,1,-115.27135747940586,-8.077263988543033,America,US,New York,Glens Falls
249,347,58KY,1,-185.41431664386164,219.9967951060826,America,US,Kentucky,Finchville
250,349,6NJ9,5,-169.1420727851459,-23.36399626144596,America,US,New Jersey,Bridgeport
251,350,KLNS,2,-143.8182068189137,-1.7837595269020865,America,US,Pennsylvania,Lancaster
252,351,LFMF,7,94.356335252334,-144.21131903475424,Europe,FR,Provence-Alpes-Cote-d'Azur,Cannes
253,352,KAKH,62,-221.42898358385492,127.39429974945747,America,US,North Carolina,Gastonia
254,354,KBEH,1,-32.50536856788539,263.9878138978161,America,US,Michigan,Benton Harbor
255,355,KJWN,1,-206.00634932562505,279.5639209061283,America,US,Tennessee,Nashville
256,356,KLAS,574,25.192780686774235,322.5109919680893,America,US,Nevada,Las Vegas
257,358,KDAY,15,-118.45924255745236,181.71246507023395,America,US,Ohio,Dayton
258,359,KMSS,18,-22.819815849318708,117.66692298220738,America,US,New York,Massena
259,360,KHWO,20,-319.72257721854413,-4.97451739446972,America,US,Florida,Hollywood
260,361,MA86,1,-80.39244721680592,-76.180237569978,America,US,Massachusetts,Windsor
261,362,SAEZ,2,-74.84577847449863,-251.1124252465367,America,AR,Buenos-Aires,Ezeiza
262,363,KI67,2,-140.07398082140443,197.5137779737721,America,US,Ohio,Harrison
263,364,KADS,1,-149.4847930205471,334.3233870501893,America,US,Texas,Dallas
264,367,MA52,1,-49.27304243029409,-97.34649864403434,America,US,Massachusetts,Maynard
265,368,SC72,1,-234.49923036056106,160.3360718126457,America,US,South Carolina,Greer
266,369,EGKR,70,90.54386269585449,-30.18006332231982,Europe,GB,England,Redhill
267,371,KWST,2,-156.7264288633512,-160.52304166917574,America,US,Rhode Island,Westerly
268,373,KCID,2,-14.356518289029477,273.0606751035247,America,US,Iowa,Cedar Rapids
269,374,58IN,1,-77.7783337938859,215.0932335756832,America,US,Indiana,Spencerville
270,375,88WI,6,65.98609522421732,195.56133004211168,America,US,Wisconsin,Green Bay
271,376,VT52,92,-73.24099483861815,40.282465433303706,America,US,Vermont,Milton
272,378,LL39,1,-71.47783203614098,269.73058166109564,America,US,Illinois,Morris
273,379,KFOK,104,-195.9097196228173,-126.34573113195462,America,US,New York,Westhampton Beach
274,382,KCGS,1,-161.90664016467187,15.941057429038151,America,US,Maryland,College Park
275,383,KLCK,40,-155.92787944409895,136.84855595725045,America,US,Ohio,Columbus
276,384,KOIC,5,-92.20661075376971,-61.02158939764702,America,US,New York,Norwich
277,385,PN64,1,-143.93383630590102,61.04129323902821,America,US,Pennsylvania,Huntingdon
278,386,LGKN,7,185.88878441969325,-115.34324516186416,Europe,GR,Attica,Marathon
279,387,KAPF,1,-371.11706829304086,187.96336218614857,America,US,Florida,Naples
280,388,KHUF,1,-126.66521043066493,264.3933174993429,America,US,Indiana,Terre Haute
281,389,NY94,2,-105.23041361958845,-123.6888853075867,America,US,New York,Rhinebeck
282,390,4VA8,3,-232.65289823223787,-8.675748992165449,America,US,Virginia,Richmond
283,392,KAFW,1,-130.75387195912103,368.2875625560101,America,US,Texas,Fort Worth
284,393,EDHI,2,213.58157202586617,73.91951198871982,Europe,DE,Hamburg,Hamburg
285,394,EPGD,1,242.66980921667388,104.76789368193349,Europe,PL,Pomerania,Gdańsk
286,397,K63B,2,-41.03319694089407,-22.291587240058163,America,US,Maine,Limington
287,399,KPBG,96,-93.68699776538703,53.34533101587704,America,US,New York,Plattsburgh
288,400,KHOU,37,-226.64806972633403,317.9767339865232,America,US,Texas,Houston
289,401,KOKV,1,-195.07279298669752,48.516741924918,America,US,Virginia,Winchester
290,402,28MA,5,-96.72300579424092,-146.37001809258635,America,US,Massachusetts,Southwick
291,403,KHPN,348,-144.07487944505104,-97.42974296571066,America,US,New York,White Plains
292,404,LFBP,1,32.56124311966461,-146.5435619869081,Europe,FR,Nouvelle-Aquitaine,Pau/Pyrenees (Uzein)
293,407,KVVS,3,-187.05549941224987,86.96406033052465,America,US,Pennsylvania,Connellsville
294,408,KVSF,1,-87.12281410813378,-17.04473158636471,America,US,Vermont,Springfield
295,409,KAXQ,1,-141.9396136687934,74.5445170058385,America,US,Pennsylvania,Clarion
296,410,II85,1,-89.53524579912639,217.40971171848767,America,US,Indiana,Decatur
297,411,KABQ,1,-79.06623925875593,383.7729850862232,America,US,New Mexico,Albuquerque
298,413,LCLK,1,224.5520614391782,-61.98603337188763,Asia,CY,Larnaka,Larnarca
299,414,KTHV,2,-149.07840699570548,7.5838916330158,America,US,Pennsylvania,York
300,415,KFME,2,-157.55311654646522,3.071935961834645,America,US,Maryland,Fort Meade(Odenton)
301,416,LKPR,2,222.7515498304485,39.93743232883945,Europe,CZ,Praha,Prague
302,417,LEZL,1,9.578248534326887,-223.0428587887359,Europe,ES,Andalusia,Sevilla
303,418,4NC6,1,-197.3465926734302,154.2477713826311,America,US,North Carolina,Fletcher
304,419,KTOL,3,-94.03140866174013,192.00483633138057,America,US,Ohio,Toledo
305,420,EGNX,151,131.70276664044314,31.183894251661265,Europe,GB,England,Nottingham
306,422,KILG,23,-181.79256219127905,-22.91297039691364,America,US,Delaware,Wilmington
307,424,ETAR,1,157.37748182876817,-17.19997782576,Europe,DE,Rheinland-Pfalz,Ramstein
308,426,KALB,116,-85.10074043026404,-54.33091954479388,America,US,New York,Albany
309,427,59NC,1,-227.01108969408594,68.25229028413581,America,US,North Carolina,Gibsonville
310,431,KOAK,5,70.31809790138614,352.01602929113574,America,US,California,Oakland
311,433,KOPF,240,-301.0832012111219,21.271573854343576,America,US,Florida,Miami
312,434,7MI8,1,17.31480962750423,176.99280375055477,America,US,Michigan,Vassar
313,435,UKKM,1,270.5004176301688,93.03453643095048,Europe,UA,Kyiv,Kiev
314,436,MPMG,47,-356.18645047286486,9.954864444716105,America,PA,Panama,Albrook
315,437,KCGF,6,-116.67031404408245,140.01872995845935,America,US,Ohio,Cleveland
316,438,KFLL,1738,-345.96098118227036,-26.90832338485377,America,US,Florida,Fort Lauderdale
317,439,KEWB,23,-89.66269657400325,-166.87801984153847,America,US,Massachusetts,New Bedford
318,443,49OH,1,-125.00133140653986,169.51227437848772,America,US,Ohio,West Jefferson
319,444,FD25,1,-279.47624288854706,78.54954312858267,America,US,Florida,Vero Beach
320,445,K0I8,1,-185.80450055455887,179.5512198739958,America,US,Kentucky,Cynthiana
321,446,KFWN,1,-146.48605299851562,-70.34357783447435,America,US,New Jersey,Sussex
322,449,KCRG,2,-272.0252540616056,135.55343718976962,America,US,Florida,Jacksonville
323,450,KMDW,146,-47.352892415546634,282.0059235443777,America,US,Illinois,Chicago
324,452,OI69,1,-101.62700564037664,148.4814402908912,America,US,Ohio,Painesville
325,453,KY47,8,-46.91609053811389,204.84472264786,America,US,Michigan,New Hudson
326,455,01FL,3,-310.2266242626192,86.2102621357361,America,US,Florida,Geneva
327,456,KFPR,8,-269.6475755340884,7.618973415064608,America,US,Florida,Fort Pierce
328,457,SBMT,99,-65.30307889052827,-244.5891003984504,America,BR,São Paulo,Sao Paulo
329,458,KBDL,4,-112.69681380183698,-164.3732517904309,America,US,Connecticut,Windsor Locks
330,459,LMML,6,138.04896054771288,-187.90494881884095,Europe,MT,Luqa,Luqa
331,460,VT38,10,-63.645263689285464,63.81706223329071,America,US,Vermont,Alburg
332,461,KGED,1,-229.08238699939082,-49.07914156549576,America,US,Delaware,Georgetown
333,462,91IN,1,-134.69488497645156,226.9859476631757,America,US,Indiana,Columbus
334,463,KAGC,4,-177.05686834751808,89.770743319022,America,US,Pennsylvania,Pittsburgh
335,464,LJCE,1,197.3892108122056,-31.36267690560391,Europe,SI,Brezice,
336,465,KN71,1,-125.84083562890082,6.46449390865726,America,US,Pennsylvania,Mount Joy/Marietta
337,466,KBLV,1,-125.61183939864627,277.5927136625839,America,US,Illinois,Belleville
338,468,LFLL,143,113.876667546271,-125.25002386721732,Europe,FR,Auvergne-Rhone-Alpes,Lyon
339,469,FD38,31,-281.06574154768356,38.42813536918674,America,US,Florida,West Palm Beach
340,470,KLKP,3,-115.35038089057838,41.67163855551581,America,US,New York,Lake Placid
341,471,KLDJ,3,-189.73854972366388,-83.249238337747,America,US,New Jersey,Linden
342,472,KGHG,1,-31.50259289801135,-137.95539318864496,America,US,Massachusetts,Marshfield
343,473,KSMQ,1,-169.04298872455482,-68.1334028860515,America,US,New Jersey,Somerville
344,474,KMCF,6,-337.1619079985863,219.6329582434779,America,US,Florida,Tampa
345,475,MI39,3,-17.31168540059415,208.78010145407384,America,US,Michigan,Hudsonville
346,476,KLEE,1,-285.7242692285302,150.32144053769207,America,US,Florida,Leesburg
347,477,NTAA,1,-21.923452993358843,-260.9319754277997,Pacific,PF,Iles-du-Vent,Papeete
348,478,EHRD,4,158.1118890982416,52.13244574128741,Europe,NL,South Holland,Rotterdam
349,479,OH07,3,-122.1554705538053,121.62708001001742,America,US,Ohio,Marlboro
350,480,KMMU,63,-162.51618746185082,-79.55774673110055,America,US,New Jersey,Morristown
351,483,KCLW,3,-308.33016938158994,229.0761256788853,America,US,Florida,Clearwater
352,484,25GA,3,-256.06923578541443,239.0507673267757,America,US,Georgia,Douglasville
353,486,KFSD,2,22.755181503796425,280.9187208640513,America,US,South Dakota,Sioux Falls
354,487,57FA,1,-334.592262410907,64.65837359567887,America,US,Florida,St Cloud
355,488,CT19,2,-118.90693730080808,-185.3146840399315,America,US,Connecticut,Hazardville
356,489,KN52,1,-234.95639231222293,104.64169919477324,America,US,North Carolina,Waxhaw
357,490,EDDM,424,188.37298901537463,3.7632714768391575,Europe,DE,Bayern,Munich
358,493,57ME,1,-30.430310273464805,-1.428375474975771,America,US,Maine,Fryeburg
359,494,LSGG,376,106.54666640262181,-84.36315987639075,Europe,CH,Geneva,Geneva
360,496,4KS1,1,-95.19526854668196,340.1503571911148,America,US,Kansas,Wellsville
361,498,LIMG,5,134.58147145325648,-157.84461412444443,Europe,IT,Liguria,Albenga
362,500,VT15,46,-93.68699784479409,53.34533087296016,America,US,Vermont,Grand Isle
363,501,KPVD,12,-101.92730856886678,-178.1673559766071,America,US,Rhode Island,Providence
364,503,KORH,9,-50.80982524273226,-112.05407924555598,America,US,Massachusetts,Worcester
365,504,VA16,16,-197.55233199476297,27.48793907734135,America,US,Virginia,Centreville
366,505,7NK7,1,-118.68887892558124,-9.022656072071774,America,US,New York,Sherburne
367,506,04FA,1,-329.69511793286557,37.44187117610164,America,US,Florida,Homestead
368,507,LGMK,2,199.05064187604256,-117.6084204082658,Europe,GR,South Aegean,Mykonos Island
369,508,EGGP,1,123.54880509798413,22.092441308090454,Europe,GB,England,Liverpool
370,509,FD20,5,-338.92472199799687,110.90345556010678,America,US,Florida,La Belle
371,510,03ME,2,-15.710561821763667,-12.95840656838342,America,US,Maine,Harrison
372,511,LEPA,2,50.410177615196034,-196.3181223654394,Europe,ES,Balearic-Islands,Palma De Mallorca
373,512,EICK,1,37.26343760154704,-94.90803342304068,Europe,IE,Munster,Cork
374,513,KAUS,15,-194.11642468970757,410.6622234388237,America,US,Texas,Austin
375,514,KCVG,321,-159.47979764674486,192.31542926029863,America,US,Kentucky,Covington
376,518,LFRZ,9,58.57222366413404,-132.6646217898804,Europe,FR,Pays-de-la-Loire,Saint-Nazaire/Montoir
377,519,KMQJ,3,-114.85916951704922,221.83318695414255,America,US,Indiana,Indianapolis
378,520,KRNO,4,86.56435569900019,311.42841217893346,America,US,Nevada,Reno
379,521,K3HO,1,-77.59966632324605,253.02199265740575,America,US,Indiana,Hobart
380,522,MPRH,6,-389.9156622341827,45.00838458044646,America,PA,Coclé,Río Hato
381,523,GOBD,4,-31.145673505945137,-170.82797130550213,Africa,SN,M'bour,Diass
382,524,2NK3,3,-190.38118040275808,-136.82464675982212,America,US,New York,Orient
383,527,LEIB,1,27.850440706292538,-168.88793126772586,Europe,ES,Balearic-Islands,Ibiza
384,528,EGBB,8,112.62036156265619,0.2425919027072653,Europe,GB,England,Birmingham
385,531,KHFF,1,-235.75276864824866,60.32223079405495,America,US,North Carolina,Camp Mackall
386,532,LSZH,423,154.87212600866383,-43.63618079715855,Europe,CH,Zurich,Zurich
387,533,40FL,1,-312.190623898539,163.330660675375,America,US,Florida,Punta Gorda
388,536,50OH,1,-154.16634265504553,171.97327613533224,America,US,Ohio,Jamestown
389,537,FD83,17,-328.0942621833999,106.25842959600524,America,US,Florida,Kissimmee
390,539,4VA9,1,-203.3515071441259,36.58712625058907,America,US,Virginia,Rixeyville
391,540,NK79,1,-123.1946086974065,-58.23983689604031,America,US,New York,Slate Hill
392,541,KPHN,8,-29.88781112501326,165.79199957856935,America,US,Michigan,Port Huron
393,544,71MI,98,-67.82218530109137,175.68901128750008,America,US,Michigan,Belleville
394,545,KIWA,4,-58.37243525801396,375.0381433738504,America,US,Arizona,Phoenix
395,546,MMMX,114,-250.8653366341319,358.3311366602616,America,MX,Mexico City,Mexico City
396,547,GA95,6,-262.49218030753696,234.6816110638597,America,US,Georgia,Fayetteville
397,548,OA19,3,-145.92957969334847,115.841520256495,America,US,Ohio,North Canton
398,550,LL78,1,-10.522648291522714,235.9048573733845,America,US,Illinois,Rockford
399,552,KTPA,119,-286.52448213514504,200.68131922262552,America,US,Florida,Tampa
400,553,KSDL,8,-44.21509503078357,367.8022238134232,America,US,Arizona,Scottsdale
401,554,KEDC,6,-175.46521982587672,379.44379867856304,America,US,Texas,Austin
402,556,KPIE,17,-289.52604628663266,221.9176124400788,America,US,Florida,St Petersburg-Clearwater
403,557,IN60,1,-98.36100619636329,228.7598822037201,America,US,Indiana,Westfield
404,558,KSVN,1,-255.06196022219976,109.68343441443538,America,US,Georgia,Savannah
405,559,KBMG,4,-146.65807844728442,262.61813208503924,America,US,Indiana,Bloomington
406,560,KBJC,6,39.29106479895566,296.75320385530455,America,US,Colorado,Denver
407,561,1XS1,17,-229.29862347093746,298.94682725534284,America,US,Texas,Crosby
408,562,KMJX,2,-200.02487656077406,-77.67416986297134,America,US,New Jersey,Toms River
409,563,KDTW,1887,-60.842197597282556,190.04449731808583,America,US,Michigan,Detroit
410,564,WS17,5,35.73946778799167,216.9133959110613,America,US,Wisconsin,Oshkosh
411,565,KLNN,2,-94.45585954055412,142.96115308784627,America,US,Ohio,Willoughby
412,569,KJVY,1,-156.4958299998161,248.22913682229407,America,US,Indiana,Jeffersonville
413,572,MM28,5,-257.65177998756127,349.7588103187955,America,MX,Morelos,
414,577,LFLM,1,104.22776059610227,-97.30373571857712,Europe,FR,Bourgogne-Franche-Comte,Macon/Charnay
415,579,LFKL,22,102.72619411362942,-121.54199275816976,Europe,FR,Auvergne-Rhone-Alpes,Ajaccio
416,580,MDBC,2,-290.98590120888224,-101.71193087368448,America,DO,La Romana,La Romana
417,581,VT01,4,-89.52091469562377,20.2100334678483,America,US,Vermont,Huntington
418,582,KBTV,42,-65.92696544074343,29.532610259503294,America,US,Vermont,Burlington
419,584,MA80,1,-79.7879150863963,-139.26138903674882,America,US,Massachusetts,Westfield
420,585,KFDK,2,-151.33454921879246,47.54504240810979,America,US,Maryland,Frederick
421,586,MMPC,5,-264.9978724479477,339.2574133992955,America,MX,Hidalgo,
422,587,PANC,29,242.9164986873593,216.0451421702425,America,US,Alaska,Anchorage
423,588,94NY,1,-104.33426013787489,88.84869256117109,America,US,New York,Union Springs
424,589,65LA,1,-306.66448507458574,297.46003515166865,America,US,Louisiana,Belle Chasse
425,590,SPJC,1,-206.33085966268558,-192.1433444782618,America,PE,Callao,Lima
426,593,3NK5,22,-100.06252445488028,44.70364650689404,America,US,New York,Plattsburgh
427,594,MMPB,5,-272.96173810598236,326.96405356119925,America,MX,Puebla,Puebla
428,595,K2W5,1,-215.9120923929913,10.54675281948987,America,US,Maryland,Indian Head
429,596,20KY,3,-180.77710436452583,200.88227971782467,America,US,Kentucky,Verona
430,600,KPSF,8,-71.54684962779955,-78.54082414989637,America,US,Massachusetts,Pittsfield
431,601,KITH,14,-122.48671385998797,-26.783071033990375,America,US,New York,Ithaca
432,603,KSAV,21,-249.89921944371824,105.33181447319096,America,US,Georgia,Savannah
433,605,GA35,2,-244.42559287617377,117.56587706242442,America,US,Georgia,Savannah
434,607,8OI3,2,-109.29921331441656,129.64663756913689,America,US,Ohio,Cortland
435,609,LIPY,1,165.04820719844523,-109.30044604735824,Europe,IT,The Marches,Ancona
436,610,KMRB,3,-183.94914066807996,53.471902643565,America,US,West Virginia,Martinsburg
437,612,8NK6,1,-99.70473453887413,-21.914344710348526,America,US,New York,West Burlington
438,614,EDMO,7,179.4332913241322,-13.204033326646655,Europe,DE,Bayern,
439,618,KLKU,1,-212.6174055601827,34.024372611134645,America,US,Virginia,Louisa
440,620,92VA,1,-248.25695220058094,-33.18845037662203,America,US,Virginia,Gloucester
441,623,42VT,1,-102.49787209557451,36.02691693451175,America,US,Vermont,Shelburne
442,625,NY60,39,-55.987070367657545,49.2642051410812,America,US,New York,Beekmantown
443,626,FL88,10,-375.08649895401373,76.51267985350992,America,US,Florida,La Belle
444,630,MI27,1,-38.24992715283842,182.44360668618657,America,US,Michigan,Howell
445,631,MMHO,7,-104.12266049021274,400.7522218029967,America,MX,Sonora,Hermosillo
446,634,KRMY,1,-44.02600965851318,223.99461765451667,America,US,Michigan,Marshall
447,635,LIML,6,150.64886586798798,-82.99452124323608,Europe,IT,Lombardy,Milan
448,637,KFZY,1,-79.83823987763171,101.58867995322386,America,US,New York,Fulton
449,638,KARR,1,-46.479519219451134,310.81488640250814,America,US,Illinois,Chicago/Aurora
450,639,MDSD,3,-299.0182182867291,-88.12665435992882,America,DO,Nacional,Santo Domingo
451,640,9GA1,1,-240.40795886145264,115.112458093123,America,US,Georgia,Clyo
452,641,KOKC,1,-107.69753772609579,355.8270353340104,America,US,Oklahoma,Oklahoma City
453,644,KDAW,1,-21.069486471044225,-46.993297887612094,America,US,New Hampshire,Rochester
454,645,KCXY,2,-136.83483428606453,32.82827183114633,America,US,Pennsylvania,Harrisburg
455,646,3TX2,1,-123.56366001638008,364.0129074213307,America,US,Texas,Justin
456,647,88NY,1,-27.854889642879293,144.56830935339994,America,US,New York,Shelby
457,649,KDFW,780,-161.93482133569472,348.7632431088281,America,US,Texas,Dallas-Fort Worth
458,650,02XS,3,-194.11699351200636,410.6619321672308,America,US,Texas,Elroy
459,651,PN01,2,-162.60425547513066,91.7219683870885,America,US,Pennsylvania,Dorseyville
460,652,1PN1,1,-131.9336596924138,105.84868216435308,America,US,Pennsylvania,Transfer
461,653,KROC,25,-64.59828574300597,129.0121416527818,America,US,New York,Rochester
462,654,KHTW,1,-187.49467325984114,147.2693327440113,America,US,Ohio,Chesapeake/Huntington Wva
463,655,8KY6,14,-177.66348051171192,189.16478211032256,America,US,Kentucky,Independence
464,656,KBOS,1563,-25.366590557186306,-107.3866496096311,America,US,Massachusetts,Boston
465,657,CT52,1,-137.37468558592815,-112.82983546824616,America,US,Connecticut,Newtown
466,658,KHYI,2,-194.12037410165505,410.6640392189856,America,US,Texas,Austin
467,659,KFAY,1,-249.52304509493698,5.182867675963135,America,US,North Carolina,Fayetteville
468,660,RJGG,1,245.72601015813527,179.41007187134747,Asia,JP,Aichi,Tokoname
469,661,5GA4,1,-217.6502386889376,206.05103401580809,America,US,Georgia,Woodstock
470,662,KHFD,1,-120.12316039914144,-133.7740155863015,America,US,Connecticut,Hartford
471,666,EDDK,21,178.508111299886,36.55580404123778,Europe,DE,Nordrhein-Westfalen,Cologne
472,667,KIND,344,-113.6094773688983,245.1466836844821,America,US,Indiana,Indianapolis
473,668,MMMA,2,-212.5768377800253,334.22221745957603,America,MX,Tamaulipas,Matamoros
474,669,61OH,2,-121.50141066084966,134.98952944048582,America,US,Ohio,Ravenna
475,670,KDWH,88,-179.58659927998383,304.127330684535,America,US,Texas,Houston
476,672,KCEF,1,-69.77687795132755,-143.9394012021652,America,US,Massachusetts,Springfield/Chicopee
477,673,GA20,1,-260.0038899743215,129.91625966476428,America,US,Georgia,Cumberland Island
478,674,LPAR,57,-0.5759664447004885,-210.8762847871412,Europe,PT,Lisbon,
479,675,KSYR,39,-108.24289374018765,85.38478742450103,America,US,New York,Syracuse
480,676,BIKF,81,147.6970905724834,79.20652149509075,Atlantic,IS,Southern Peninsula,Reykjavik
481,678,KMLB,9,-273.2174667968805,87.5747535021003,America,US,Florida,Melbourne
482,679,LEMD,147,20.49733561733091,-162.41962915177376,Europe,ES,Madrid,Madrid
483,680,GA53,1,-242.10580828356035,224.0437241375129,America,US,Georgia,Atlanta
484,683,KTUS,2,-94.82505250101747,416.3013537956216,America,US,Arizona,Tucson
485,684,KTMB,4,-305.88468809405765,27.84040143378559,America,US,Florida,Miami
486,685,KAVQ,2,-87.1053594196215,430.7907430524153,America,US,Arizona,Marana
487,686,KINT,2,-196.1246710327394,94.36041095097376,America,US,North Carolina,Winston Salem
488,687,EKBI,2,200.74050074801994,96.54772699430676,Europe,DK,South Denmark,Billund
489,688,FA69,1,-287.3140215907001,43.252183665464734,America,US,Florida,Belle Glade
490,690,KSBY,4,-219.81165379638716,-34.30418652814966,America,US,Maryland,Salisbury
491,691,KOSH,20,35.73946779385222,216.91339589369932,America,US,Wisconsin,Oshkosh
492,694,KGRR,26,-12.2699143537847,204.84279699712545,America,US,Michigan,Grand Rapids
493,695,KPDK,36,-237.32098351433524,218.1693466103024,America,US,Georgia,Atlanta
494,696,KUUU,4,-153.768862918492,-222.5934386129795,America,US,Rhode Island,Newport
495,698,KBHM,1,-260.29239712588577,260.55272630664217,America,US,Alabama,Birmingham
496,699,KDVT,1,-36.77686639550878,362.55674344094695,America,US,Arizona,Phoenix
497,700,CT14,1,-153.76233149795047,-222.56257511592585,America,US,Connecticut,East Windsor Hill
498,701,ENGM,7,216.74892124969367,106.88581028201214,Europe,NO,Akershus,Oslo
499,702,KNKX,1,-8.010184473000963,377.4277309512577,America,US,California,San Diego
500,703,06FA,4,-277.0763435108394,25.083722846857945,America,US,Florida,Jupiter
501,705,MMTJ,7,-45.94949070283822,421.1904775734071,America,MX,Baja California Sur,Tijuana
502,706,KJHW,3,-125.84459088531185,77.91045582561003,America,US,New York,Jamestown
503,707,KAKR,3,-116.45992124454474,132.81024418844464,America,US,Ohio,Akron
504,708,LPFR,1,-12.848220805266346,-190.8911451167629,Europe,PT,Faro,Faro
505,709,KAPA,42,11.616008081330481,304.53489983524577,America,US,Colorado,Denver
506,712,VG22,2,-200.13656936672714,56.44235444548544,America,US,Virginia,Nellysford
507,713,6AR1,1,-131.65189350449236,308.44126785521803,America,US,Arkansas,Cave Springs
508,715,SDVH,1,-96.4065651358531,-224.10897878146312,America,BR,São Paulo,Atibaia
509,717,KEEN,1,-63.427569934855455,-43.135920016791616,America,US,New Hampshire,Keene
510,718,ID27,1,101.54619632111243,283.27706786761,America,US,Idaho,Coeur D'Alene
511,719,VA12,1,-209.21332503833602,63.85712962560546,America,US,Virginia,Martinsville
512,720,KIAG,27,18.844470603411885,143.08411061933572,America,US,New York,Niagara Falls
513,721,OH22,1,-138.22568022296838,144.70812848911967,America,US,Ohio,Kidron
514,722,KPVG,4,-265.91067135661586,-61.86189222055917,America,US,Virginia,Norfolk
515,723,24CT,2,-143.5399871789853,-170.58162539548567,America,US,Connecticut,Jewett City
516,724,71KY,57,-160.13752745298206,206.580114022825,America,US,Kentucky,Petersburg
517,725,KDPA,18,-38.75523839351254,311.1241174733016,America,US,Illinois,Chicago/West Chicago
518,726,KATW,16,45.88231724049018,212.59904831036235,America,US,Wisconsin,Appleton
519,727,LFPB,39,66.65395200544268,-70.82385360623782,Europe,FR,Ile-de-France,Paris
520,729,LSTZ,1,129.4383961686232,-73.16377308875286,Europe,CH,Bern,
521,730,KBLI,1,128.7141927143887,346.1223146886978,America,US,Washington,Bellingham
522,731,KMQS,3,-153.74797465079357,-30.229437217752693,America,US,Pennsylvania,Coatesville
523,732,TJSJ,22,-258.5307334081627,-133.51461905497513,America,US,Puerto Rico,San Juan
524,734,KFAR,6,73.99749136741536,259.5629742748745,America,US,North Dakota,Fargo
525,735,KYIP,16,-59.53830695607274,199.73248217764532,America,US,Michigan,Detroit
526,737,KRYY,8,-229.79704179865965,243.35517078395583,America,US,Georgia,Atlanta
527,738,FA24,2,-284.1530095633914,50.53689578343195,America,US,Florida,Indiantown
528,740,KLIT,2,-168.4154941271437,285.81747162836365,America,US,Arkansas,Little Rock
529,744,71ME,3,-30.430310266620992,-1.4283755319978215,America,US,Maine,Naples
530,746,KBFI,10,116.173895568263,322.2934512365427,America,US,Washington,Seattle
531,747,EBLG,2,150.23810552950633,2.946053823621642,Europe,BE,Wallonia,Liege
532,750,OERK,1,230.96931601769816,-72.2280575520153,Asia,SA,,Riyadh
533,753,47FD,5,-342.90534863419117,157.2624343569512,America,US,Florida,Fort Myers
534,754,KLCI,4,-74.07926912608896,-32.49330013207487,America,US,New Hampshire,Laconia
535,755,KMVY,15,-153.76861940316493,-222.59716460120737,America,US,Massachusetts,Vineyard Haven
536,756,KOMA,17,-6.648345047109276,294.5839147941877,America,US,Nebraska,Omaha
537,758,94FL,2,-332.6180733867647,158.9680877976677,America,US,Florida,Fort Myers
538,760,CT13,3,-101.92586800975887,-178.16203001087837,America,US,Connecticut,East Killingly
539,761,KLWM,4,-47.61077347708837,-65.76279698196171,America,US,Massachusetts,Lawrence
540,764,FA54,1,-299.2902578129141,181.78148368276172,America,US,Florida,Placida
541,765,OTHH,551,254.71761490431078,-34.10207763210521,Asia,QA,Baladiyat-ad-Dawḩah,Doha
542,766,GMMN,788,-31.089352551709915,-181.57903749024808,Africa,MA,,Casablanca
543,767,FD57,3,-269.64757709138206,7.618976303127424,America,US,Florida,Fort Pierce
544,769,KN23,1,-100.09502839017844,-80.54078017309601,America,US,New York,Sidney
545,770,KAPC,5,77.56936967099816,339.05926629140146,America,US,California,Napa
546,771,6IN6,1,-138.96166397983708,257.40016312372273,America,US,Indiana,Monrovia
547,772,MA55,1,-153.76164909431958,-222.62391746686947,America,US,Massachusetts,Muskeget Island
548,775,2NY9,1,-119.18655510476621,3.998966762465823,America,US,New York,Alpine
549,776,PA84,1,-145.89343643941365,7.673686436693939,America,US,Pennsylvania,Thomasville
550,778,SNGA,1,-44.76423048099918,-194.96597537128488,America,BR,Espírito Santo,Guarapari
551,779,ENBR,5,188.8348962763413,94.42049225613214,Europe,NO,Hordaland,Bergen
552,782,VT25,3,-81.81906511153733,27.49957911393597,America,US,Vermont,South Burlington
553,783,2WN6,1,54.15494809811327,239.7258109944432,America,US,Wisconsin,Granton
554,784,KUZA,25,-226.85037491153867,122.48490234552376,America,US,South Carolina,Rock Hill
555,785,RKSI,18,262.13139533919247,161.05877568442878,Asia,KR,Incheon,Seoul
556,786,MDJB,5,-308.70147549177864,-77.45821583273882,America,DO,Santo-Domingo,La Isabela
557,789,KIMM,1,-374.98786955036826,75.01381719526383,America,US,Florida,Immokalee
558,790,KACK,13,-164.66124501522646,-222.50364459467357,America,US,Massachusetts,Nantucket
559,792,RJAK,7,251.89674998689324,186.2134119956885,Asia,JP,Ibaraki,
560,793,II32,1,-164.57786307052942,276.6358121572405,America,US,Indiana,Chandler
561,795,OMDB,8,267.9176642963387,-12.822792169653765,Asia,AE,Dubai,Dubai
562,796,KLOU,1,-176.52351933689087,233.3460226856116,America,US,Kentucky,Louisville
563,797,KFRG,73,-224.90563538958367,-122.73827604358992,America,US,New York,Farmingdale
564,798,KTTA,2,-242.97114882764154,31.335378174927317,America,US,North Carolina,Sanford
565,800,KS50,1,101.40272165545012,289.96848658917355,America,US,Washington,Auburn
566,801,KCMI,1,-102.03278277923975,266.441720191945,America,US,Illinois,Champaign/Urbana
567,802,4NY0,3,-77.10690407114586,65.45534383291478,America,US,New York,Beekmantown
568,803,KCWA,1,58.97824349435228,228.90122658194016,America,US,Wisconsin,Mosinee
569,807,EPWA,1,251.24242066961867,78.85577658325268,Europe,PL,Mazovia,Warsaw
570,808,EBMB,150,146.09298151302298,-5.051988245087771,Europe,BE,Flanders,Brussels
571,810,KX14,12,-375.08628766156716,76.512639182598,America,US,Florida,La Belle
572,811,EGAA,2,107.46840399928584,23.308241001004244,Europe,GB,Northern Ireland,Belfast
573,812,KTYQ,4,-108.42322516282091,239.89751357744996,America,US,Indiana,Indianapolis
574,814,LTBA,3,241.93054663082845,-6.728992425695021,Europe,TR,Istanbul,Istanbul
575,815,KEFK,6,-54.631311564990945,11.534185103351964,America,US,Vermont,Newport
576,817,PN66,1,-173.84815307200532,76.20827352215564,America,US,Pennsylvania,New Alexandria
577,819,KBIS,2,65.93315995732392,265.8307872438456,America,US,North Dakota,Bismarck
578,820,VOBL,1,277.4104759837156,28.623647708514756,Asia,IN,Karnataka,Bangalore
579,821,EGHI,1,57.51140139469843,-61.77452540490108,Europe,GB,England,Southampton
580,823,K55Y,1,19.78818506841332,246.07968527011187,America,US,Minnesota,Rushford
581,825,KMZJ,8,-70.7678860555374,435.05194144933535,America,US,Arizona,Marana
582,826,EHAM,487,175.3570409138079,54.45753052282417,Europe,NL,North Holland,Amsterdam
583,827,LGAV,202,177.5698661690507,-131.44883244206852,Europe,GR,Attica,Athens
584,829,MN77,2,73.99749176855673,259.56297288520034,America,US,Minnesota,Moorhead
585,830,KHVN,16,-153.32682930891906,-128.46122753433417,America,US,Connecticut,New Haven
586,831,LIRA,3,157.19466109142152,-168.94772446229982,Europe,IT,Latium,Roma
587,833,PAED,1,242.91607072396158,216.0436419776345,America,US,Alaska,Anchorage
588,834,1FD4,1,-379.9612906475013,143.04766390898712,America,US,Florida,Estero
589,835,56NC,1,-202.73072687978097,149.13310692803617,America,US,North Carolina,Tryon
590,837,KSUA,19,-273.95845209699763,0.8007417959283991,America,US,Florida,Stuart
591,838,LSMP,2,125.13858830698227,-78.19161380546399,Europe,CH,Vaud,
592,840,KMIV,3,-208.23223275857097,-52.134597539199135,America,US,New Jersey,Millville
593,841,KSUU,1,77.5681129846343,339.0567135818664,America,US,California,Fairfield
594,842,KBDR,13,-157.62956277475408,-109.61245843046578,America,US,Connecticut,Bridgeport
595,843,DAAG,348,45.30141781919984,-189.1925037686765,Africa,DZ,Algiers,Algiers
596,845,KOXC,3,-130.54178844915018,-117.03779228595768,America,US,Connecticut,Oxford
597,847,LFPG,2815,82.64332737283392,-69.34584058131924,Europe,FR,Ile-de-France,Paris
598,848,1NK8,2,-104.263785943568,-49.99204196616642,America,US,New York,Binghamton
599,850,MI29,1,-51.508225702198736,210.5229185979206,America,US,Michigan,Whitmore Lake
600,851,DABC,1,75.78532989580884,-203.97009467923493,Africa,DZ,Constantine,Constantine
601,852,YMML,3,108.59949302795697,-220.74990068040725,Australia,AU,Victoria,Melbourne
602,853,88VT,21,-59.836110317045765,47.62253557264513,America,US,Vermont,Isle Lamotte
603,855,KX10,3,-290.76016971030685,55.86433970751668,America,US,Florida,Belle Glade
604,856,KBUR,2,39.864698516061104,365.7372163256703,America,US,California,Burbank
605,857,LFMN,203,127.85524669342767,-157.81619018921805,Europe,FR,Provence-Alpes-Cote-d'Azur,Nice
606,858,LKKB,1,227.11107767120495,44.46559717424227,Europe,CZ,Praha,Prague
607,859,KTEB,1337,-184.2801904156314,-95.59994735797234,America,US,New Jersey,Teterboro
608,862,KDXR,3,-140.97442002651468,-105.75420753974112,America,US,Connecticut,Danbury
609,864,KAUW,1,78.06086695760544,225.7854007605615,America,US,Wisconsin,Wausau
610,865,VT46,16,-44.847818316360076,31.56238913694552,America,US,Vermont,Alburg
611,866,KGVL,1,-211.39296234940812,172.42412231552143,America,US,Georgia,Gainesville
612,868,ME26,27,-12.10814397317318,-6.7722279021088525,America,US,Maine,Greenville
613,869,EGTE,1,50.0212984108067,-89.38140146256896,Europe,GB,England,Exeter
614,871,MGGT,58,-323.2653758771203,280.27248181685417,America,GT,Guatemala,Guatemala City
615,872,MBPV,34,-283.701850863321,-70.81382375578724,America,TC,,Providenciales Island
616,873,KGYH,1,-231.9552919191255,168.58873421605844,America,US,South Carolina,Greenville
617,876,FA18,2,-349.3081343522894,57.84827992821364,America,US,Florida,La Belle
618,877,KDEN,542,39.28863170587991,296.7543873256731,America,US,Colorado,Denver
619,879,KLBE,2,-181.56493935621302,70.38906047014795,America,US,Pennsylvania,Latrobe
620,880,KNZY,26,-12.433964519271516,408.7911605479484,America,US,California,San Diego
621,881,KSUS,16,-108.56784412114726,284.57629661569223,America,US,Missouri,St Louis
622,882,KPMP,106,-338.75034440602406,-50.48779881552094,America,US,Florida,Pompano Beach
623,883,FL90,1,-310.32899235554635,194.03822996153775,America,US,Florida,Fort Myers
624,885,KWWD,1,-218.54350809545147,-55.96121894717596,America,US,New Jersey,Wildwood
625,886,KSNA,2,14.368359305746644,372.7799411175317,America,US,California,Santa Ana
626,887,LOLW,1,201.00326031910623,7.220015840563547,Europe,AT,Upper-Austria,Wels
627,888,KMKC,5,-75.31377307426735,318.85278973564283,America,US,Missouri,Kansas City
628,890,KPVC,2,-31.50557065248595,-138.14097262161502,America,US,Massachusetts,Provincetown
629,891,59NY,4,2.4099098249191497,144.7875473694652,America,US,New York,Lockport
630,893,KBKL,12,-98.93762382612296,150.6603518992754,America,US,Ohio,Cleveland
631,894,KJYO,3,-192.07483550135962,29.780731223453973,America,US,Virginia,Leesburg
632,895,LPCS,1,-7.911604791719739,-199.533995374412,Europe,PT,Lisbon,
633,897,KORL,31,-314.38455729120227,101.25806941147955,America,US,Florida,Orlando
634,900,KMQY,2,-194.77487286473374,273.9836294940689,America,US,Tennessee,Smyrna
635,901,EGVO,1,62.097625536529605,-54.053689679933264,Europe,GB,England,Odiham
636,903,MPTO,108,-360.81947262630047,-0.2472250196122691,America,PA,Panama,Tocumen
637,907,KN66,1,-83.47515862532639,-98.4581591695196,America,US,New York,Oneonta
638,908,KSLK,8,-103.52148818493575,66.9129993945939,America,US,New York,Saranac Lake
639,909,KDDH,1,-73.35985775908401,-60.63086738780429,America,US,Vermont,Bennington
640,910,KOAJ,5,-259.80720981273777,-16.491216397899546,America,US,North Carolina,Jacksonville
641,911,KATL,1756,-232.96968981158597,215.6213500850461,America,US,Georgia,Atlanta
642,912,69TA,1,-191.33009200432113,336.9122564401736,America,US,Texas,Corpus Christi
643,913,TS35,2,-215.48874910355497,290.57226681629123,America,US,Texas,Dayton
644,914,KISM,1,-316.9722432646599,139.9414766418931,America,US,Florida,Orlando
645,919,KFWA,1,-87.431235505763,220.00563802738236,America,US,Indiana,Fort Wayne
646,920,KOGS,15,-13.93183361072029,132.1586081648091,America,US,New York,Ogdensburg
647,921,UUWW,1,279.4438220609792,143.17272590746214,Europe,RU,Moscow,Moscow
648,923,PA53,1,-125.69041880295336,-37.132938070429525,America,US,Pennsylvania,Carbondale
649,924,78ME,8,-1.7575126299542594,-27.335860640082828,America,US,Maine,Falmouth
650,927,KGAI,6,-167.41268283993364,21.705564427115405,America,US,Maryland,Gaithersburg
651,928,21NH,1,-37.21050849497357,-74.21422123038948,America,US,New Hampshire,Kensington
652,931,KMSV,1,-111.1200069445212,-61.77686706105325,America,US,New York,Monticello
653,935,EIKY,1,42.37101662650965,-92.03803106877528,Europe,IE,Munster,Killarney
654,936,KMSY,3,-306.59987494667376,297.5582280084188,America,US,Louisiana,New Orleans
655,937,KPBI,139,-292.0207249678283,-30.381754021181678,America,US,Florida,West Palm Beach
656,938,KX26,1,-261.6916869205504,78.10746755622799,America,US,Florida,Sebastian
657,939,KDLZ,3,-127.42481462838603,157.5429002267992,America,US,Ohio,Delaware
658,941,EGNT,1,167.77367334866867,62.79993665046395,Europe,GB,England,Newcastle
659,942,EGCN,3,139.85249651565687,42.30257543454967,Europe,GB,England,Doncaster
660,943,SC88,1,-223.0518459868133,140.26538376070053,America,US,South Carolina,Chesnee
661,944,LSZS,1,161.1468000298316,-56.594391730653776,Europe,CH,Grisons,
662,945,KMGJ,2,-118.82345658099493,-72.7953891763295,America,US,New York,Montgomery
663,946,4FL3,1,-297.4604223704444,67.68974697258612,America,US,Florida,Fellsmere
664,947,1MU2,2,-58.62022401519191,325.924361545074,America,US,Missouri,Ridgely
665,948,EFHK,4,254.14972615938456,138.62839614206655,Europe,FI,Uusimaa,Helsinki
666,950,EGSC,1,127.65533483573284,8.826359624432284,Europe,GB,England,Cambridge
667,952,26MI,1,-4.6731123712511184,204.90275483804672,America,US,Michigan,Lowell
668,954,KOCF,2,-280.9654110935856,155.20138620349113,America,US,Florida,Ocala
669,956,KPIA,5,-80.21944925857031,298.0597504637603,America,US,Illinois,Peoria
670,957,KIAD,2067,-191.86099815101613,27.387833145321917,America,US,Dist. Of Columbia,Washington
671,958,KBWG,2,-178.30537955698637,268.0001746124981,America,US,Kentucky,Bowling Green
672,959,FL86,6,-337.7894614499387,194.13232728435463,America,US,Florida,Fort Myers
673,960,KBKV,1,-268.8600214918698,202.9450742871437,America,US,Florida,Brooksville
674,961,K5B2,2,-110.82291569110623,-12.974849344633151,America,US,New York,Saratoga Springs
675,962,SBGR,7,-57.86586337945102,-242.5434645510072,America,BR,São Paulo,Sao Paulo
676,963,KBUF,151,-69.32997155270819,134.4076957915795,America,US,New York,Buffalo
677,964,KRZN,1,67.27553007119117,230.50135477545436,America,US,Wisconsin,Siren
678,965,KSEA,249,116.17553895284784,322.2420208251655,America,US,Washington,Seattle
679,968,88PA,6,-156.44793754691045,110.67326344747842,America,US,Pennsylvania,Clinton
680,972,LEBL,317,55.75606393575429,-153.07325296267214,Europe,ES,Catalonia,Barcelona
681,973,KLUK,24,-166.58195295644563,187.49779707571457,America,US,Ohio,Cincinnati
682,974,KOSU,3,-140.608930198671,161.99142563946455,America,US,Ohio,Columbus
683,976,KVPC,1,-222.9704234697556,242.9929917193432,America,US,Georgia,Cartersville
684,977,KSFB,17,-304.5891868622058,96.51236505197494,America,US,Florida,Orlando
685,978,KPTK,38,-41.29544069494294,182.3996825712338,America,US,Michigan,Pontiac
686,979,36AL,1,-286.0015828745108,257.6783259696283,America,US,Alabama,Ozark
687,980,KPHF,1,-248.2576386586082,-33.19019698447152,America,US,Virginia,Newport News
688,981,KJFK,61,-217.42761904677272,-110.67925472114446,America,US,New York,New York
689,982,EGPH,5,171.90042358802776,71.47902589510376,Europe,GB,Scotland,Edinburgh
690,983,SC24,1,-205.82451872371496,165.00750083774454,America,US,South Carolina,Seneca
691,984,SC43,2,-241.44876709672076,171.4831956695587,America,US,South Carolina,Williamston
692,987,2MI5,3,1.4851355757260205,199.16974669717308,America,US,Michigan,Ada
693,989,TJIG,3,-258.52764586731223,-131.952934974245,America,US,Puerto Rico,San Juan
694,990,KREI,1,14.330013025110718,369.8038768974721,America,US,California,Redlands
695,991,LFBO,164,64.41505577770928,-165.18552039248488,Europe,FR,Occitanie,Toulouse/Blagnac
696,995,KARB,5,-56.469100052398844,202.31681178388305,America,US,Michigan,Ann Arbor
697,996,KSRQ,24,-296.35652892700386,197.78568150961837,America,US,Florida,Sarasota/Bradenton
698,997,FD08,12,-312.1475483305187,-15.696380472845608,America,US,Florida,Delray Beach
699,998,VT42,1,-89.19124964504192,19.856800775911463,America,US,Vermont,Morrisville
700,1000,OI41,2,-131.82260102147848,123.9033226317248,America,US,Ohio,Hiram
701,1001,KBMI,1,-92.62080767153705,276.5947524413829,America,US,Illinois,Bloomington/Normal
702,1006,LFHJ,33,102.72701643610995,-121.54243057879351,Europe,FR,Auvergne-Rhone-Alpes,Verdun
703,1007,KW32,1,-204.0789311512838,-1.4396067477850107,America,US,Maryland,Clinton
704,1008,KERI,36,-89.79092720455532,119.70871243895628,America,US,Pennsylvania,Erie
705,1009,CT96,1,-114.9345285396965,-131.07800890712383,America,US,Connecticut,Bristol
706,1011,KGPM,2,-171.93491043109384,348.7632776183981,America,US,Texas,Grand Prairie
707,1013,KLNA,68,-323.667308739836,-39.42809017728712,America,US,Florida,West Palm Beach
708,1014,25OH,1,-145.92957969060768,115.84152024682844,America,US,Ohio,Louisville
709,1015,KBIV,3,-23.032115595960697,213.8225885617864,America,US,Michigan,Holland
710,1016,KJAU,1,-192.47933046719365,184.65674484882936,America,US,Tennessee,Jacksboro
711,1017,HECA,1,190.95246214061834,-145.71639785508373,Africa,EG,Cairo,Cairo
712,1018,KDLL,1,16.662292895045198,240.64541105283544,America,US,Wisconsin,Baraboo
713,1019,KBNA,143,-204.22672444270046,269.3925858154353,America,US,Tennessee,Nashville
714,1021,GA43,2,-244.36256952765143,124.21831080743456,America,US,Georgia,Guyton
715,1023,KAZO,3,-40.41893460035909,238.672478149622,America,US,Michigan,Kalamazoo
716,1025,FL95,4,-252.15430956419985,46.34359774419094,America,US,Florida,Winter Beach
717,1026,9MI2,3,-84.72232191494787,179.14988578040376,America,US,Michigan,Newport
718,1027,EDDH,3,203.5172186242728,77.18044711420583,Europe,DE,Hamburg,Hamburg
719,1028,KFCM,9,31.18130974010477,264.746827630914,America,US,Minnesota,Minneapolis
720,1029,KCMH,67,-149.9150913415441,144.9637932393791,America,US,Ohio,Columbus
721,1030,17FA,5,-400.60596082436194,123.84706543323284,America,US,Florida,La Belle
722,1031,MDAN,2,-308.7202270084407,-72.10729606251002,America,DO,Sanchez-Ramirez,Cotui Angelina
723,1033,MDBE,4,-289.15720585274926,-95.85343939350344,America,DO,El-Seibo,La Romana
724,1034,90NY,2,-85.24293986943442,104.04380610041406,America,US,New York,Canandaigua
725,1035,LJLJ,1,181.755201961074,-39.99469467024481,Europe,SI,Cerklje-na-Gorenjskem,Ljubljana
726,1036,6FL3,2,-350.72685757294124,132.13016845938446,America,US,Florida,Punta Gorda
727,1037,MMJC,3,-218.67944412614844,371.6561148478862,America,MX,Mexico,
728,1038,KCOF,1,-260.4844625843496,90.565956258445,America,US,Florida,Cocoa Beach
729,1039,08FA,1,-386.733528912541,97.22994372401944,America,US,Florida,La Belle
730,1040,KZER,1,-132.28308718974228,-6.428739395830565,America,US,Pennsylvania,Pottsville
731,1041,KBTL,6,-37.58591742071762,229.9844629803933,America,US,Michigan,Battle Creek
732,1042,KMHT,35,-43.37483494976779,-51.34284377891111,America,US,New Hampshire,Manchester
733,1043,KFCI,4,-232.6524178635212,-8.675026826959073,America,US,Virginia,Richmond
734,1044,FD74,3,-318.12606033034956,56.97277967973218,America,US,Florida,West Melbourne
735,1045,KFSO,17,-44.84781860778738,31.562388549300508,America,US,Vermont,Highgate
736,1047,KCMA,1,38.463432517401316,359.39608073366776,America,US,California,Camarillo
737,1048,KUGN,20,-24.57854695440359,221.1274348021442,America,US,Illinois,Chicago/Waukegan
738,1050,40ME,2,-25.526547502641957,-10.226314291594356,America,US,Maine,Fryeburg
739,1051,LFHH,11,78.09241700162902,-127.30493662870076,Europe,FR,Auvergne-Rhone-Alpes,Verdun
740,1052,KBCT,49,-318.7487897247884,-50.50069805078565,America,US,Florida,Boca Raton
741,1053,FD30,1,-274.2399403905035,53.1048485093466,America,US,Florida,Fort Pierce
742,1054,FL59,6,-360.5421074622251,151.4455312782049,America,US,Florida,Fort Myers
743,1055,FL84,1,-259.96490827981586,132.86637269641898,America,US,Florida,Fernandina Beach
744,1056,FL35,4,-273.7242335169741,193.9147586722865,America,US,Florida,Lutz
745,1057,K0G7,4,-87.33740965086548,95.21440964012382,America,US,New York,Seneca Falls
746,1058,KF45,48,-296.3512759178835,-7.06459343901593,America,US,Florida,West Palm Beach
747,1059,KDAB,4,-302.48465072692375,82.06858267754066,America,US,Florida,Daytona Beach
748,1060,KHHR,26,32.69027465295049,400.0154378055901,America,US,California,Hawthorne
749,1061,KMAL,1,-73.21122370281138,92.34545906967008,America,US,New York,Malone
750,1062,CO14,1,-25.991430760453873,328.707290331198,America,US,Colorado,Alamosa
751,1063,KRAC,7,0.3959194214137116,226.58530159793247,America,US,Wisconsin,Racine
752,1065,KGPI,1,109.30723303319661,268.1287772204201,America,US,Montana,Kalispell
753,1066,KWHP,12,34.07481788407661,356.7861094414312,America,US,California,Los Angeles
754,1067,KOJC,2,-86.95439277756851,333.5926506488435,America,US,Kansas,Olathe
755,1068,TLPL,1,-234.77904596151515,-167.54329013324522,America,LC,Vieux-Fort,Vieux Fort
756,1070,KPYM,1,-62.56005356122815,-149.4019523040912,America,US,Massachusetts,Plymouth
757,1074,MDBG,299,-273.0434016026626,-119.01744047731547,America,DO,La Altagracia,Higuey
758,1075,NK01,1,-59.6015225354557,108.13582850336564,America,US,New York,Carthage
759,1076,KMCO,1326,-322.93435293843686,93.4014036604204,America,US,Florida,Orlando
760,1077,0MI4,1,105.42893835739348,210.47763655915185,America,US,Michigan,Gwinn
761,1080,5CT7,2,-189.1938370648307,-157.10061369472382,America,US,Connecticut,Old Lyme
762,1081,TNCA,1,-316.7888630771826,-82.36914400287667,America,AW,,Oranjestad
763,1082,LFML,181,93.8455121149011,-178.95712553722092,Europe,FR,Provence-Alpes-Cote-d'Azur,Marseille
764,1083,21XS,1,-242.04753601126902,302.7695937330533,America,US,Texas,Houston
765,1084,77PA,7,-163.72686620282659,83.4966355548386,America,US,Pennsylvania,Allison Park
766,1085,KNUQ,4,62.31232560427924,355.7191095133353,America,US,California,Mountain View
767,1086,KCLE,1,-96.44165514343864,164.30550923611548,America,US,Ohio,Cleveland
768,1088,KIXD,2,-81.39572104750894,337.0213288990411,America,US,Kansas,Olathe
769,1089,02AR,1,-154.08002400488704,290.7016720360468,America,US,Arkansas,Murfreesboro
770,1090,25SC,1,-205.89339113811374,153.8874817130784,America,US,South Carolina,Greenville
771,1091,KFGX,1,-181.65650047093428,177.21215060169197,America,US,Kentucky,Flemingsburg
772,1092,4TX8,1,-124.08964819794544,359.66500386124386,America,US,Texas,Krum
773,1093,LEZG,1,26.94398620253286,-150.39569360051965,Europe,ES,Aragon,Zaragoza
774,1094,EGTK,3,77.96093465176315,-46.07490591147776,Europe,GB,England,Kidlington
775,1095,EGGW,19,114.75705615788276,-28.16711556039415,Europe,GB,England,London
776,1096,NY24,3,33.49412223899465,141.35922703262287,America,US,New York,Niagara Falls
777,1097,EKAH,1,207.93418128127496,105.24525472236398,Europe,DK,Central Jutland,Aarhus
778,1098,KTIX,1,-293.44491093980685,71.36369077198444,America,US,Florida,Titusville
779,1099,LL59,1,209.61314464567755,-104.6421714291524,Asia,IL,,Rishon LeZion
780,1100,OJAI,1,215.45961688629717,-87.03682255036622,Asia,JO,Amman,Amman
781,1101,1IN1,1,-133.67720193050806,257.4407489931324,America,US,Indiana,Lewisville
782,1102,KDKK,3,-121.8882451738944,78.96610857717782,America,US,New York,Dunkirk
783,1103,KPSM,73,-23.556028440666292,-68.78071636786187,America,US,New Hampshire,Portsmouth
784,1104,ME91,7,-3.295129590550865,-35.64946255367868,America,US,Maine,Gorham
785,1109,KBGM,3,-108.92012508025356,-40.71558095093945,America,US,New York,Binghamton
786,1110,EGKK,213,92.59995427150467,-43.77580099489997,Europe,GB,England,London
787,1112,KSCH,5,-85.48031225080105,-36.11451623713419,America,US,New York,Schenectady
788,1113,CT36,1,-128.230583012575,-141.44601663309805,America,US,Connecticut,Bozrah
789,1114,PN40,6,-114.20495649795855,100.60722261970518,America,US,Pennsylvania,North East
790,1115,KRFD,10,-19.674157589820435,254.33972176336013,America,US,Illinois,Chicago/Rockford
791,1117,15ME,1,-1.7575130425522683,-27.335860254324363,America,US,Maine,North Yarmouth
792,1118,YMEN,1,101.47674004248321,-215.4850779044149,Australia,AU,Victoria,
793,1121,MN92,1,96.98792719622327,219.1931161290773,America,US,Minnesota,Proctor
794,1122,EKCH,8,234.02812370252582,113.80110472437686,Europe,DK,Capital-Region,Copenhagen
795,1123,KAXH,1,-226.66664403565272,317.97816955654935,America,US,Texas,Houston
796,1124,KPHX,127,-54.39911374331491,374.93913836026127,America,US,Arizona,Phoenix
797,1125,KPJC,1,-153.45419537138457,97.58923105361472,America,US,Pennsylvania,Zelienople
798,1126,VOMM,1,285.2302257241323,35.692168209773044,Asia,IN,Tamil-Nadu,Chennai
799,1127,KSGS,1,49.438177538888716,249.52833904312945,America,US,Minnesota,South St Paul
800,1130,KRDU,307,-233.3971661236138,18.08506325388127,America,US,North Carolina,Raleigh/Durham
801,1131,KSDC,2,-64.64203436788226,112.87309732172469,America,US,New York,Williamson/Sodus
802,1132,2KY4,1,-188.6826274021527,252.22602726436813,America,US,Kentucky,Elizabethtown
803,1133,KU42,1,40.08302676345496,306.97880652861267,America,US,Utah,Salt Lake City
804,1134,71NC,1,-213.02257502863313,61.964038606015855,America,US,North Carolina,Elon College
805,1137,07KY,11,-173.16035125665323,245.2982129300725,America,US,Kentucky,Louisville
806,1138,05IN,22,-128.1639847005337,257.2399001458619,America,US,Indiana,Belleville
807,1139,KIKK,1,-84.02880258311706,267.0869150708097,America,US,Illinois,Kankakee
808,1140,OMAA,3,261.6272957622419,-24.089374984089503,Asia,AE,Abu Dhabi,Abu Dhabi
809,1141,LFPO,218,53.77254053775101,-79.27514070412616,Europe,FR,Ile-de-France,Paris
810,1142,IN58,1,-130.35902712377631,231.4251468745244,America,US,Indiana,Martinsville
811,1143,2CN8,1,15.90046324574616,338.8130791276435,America,US,California,Lake Arrowhead
812,1146,KJZP,1,-213.12869502195787,212.57251723520767,America,US,Georgia,Jasper
813,1147,KTYS,6,-195.86291860824358,182.25659607138329,America,US,Tennessee,Knoxville
814,1148,LSZM,47,141.27223861076723,-51.504795095061965,Europe,CH,Grand Est,Bale/Mulhouse
815,1149,KSTL,22,-112.94840230576105,282.3179566790697,America,US,Missouri,St Louis
816,1150,MDPC,53,-26KBC3.00871633355075,-119.07353516713822,America,DO,La Altagracia,Punta Cana
817,1151,03MA,9,-66.92378372166483,-90.64027618168704,America,US,Massachusetts,Hadley
818,1154,KNRS,1,-19.786595849400893,400.6782628834782,America,US,California,Imperial Beach
819,1155,KOQU,1,-153.76883300243554,-222.59300743747775,America,US,Rhode Island,North Kingstown
820,1157,KPWM,15,-12.79362780853905,-37.49490375899956,America,US,Maine,Portland
821,1159,AL16,3,-246.32165225417972,264.1663921741734,America,US,Alabama,Pinson
822,1161,89NY,10,-32.94756355649181,137.46806406075933,America,US,New York,Alexandria Bay
823,1162,KLRD,1,-166.99515476833102,411.4710805762207,America,US,Texas,Laredo
824,1163,NC37,1,-201.66324050216738,81.31049493433127,America,US,North Carolina,Reidsville
825,1164,LIPZ,170,172.45163907086817,-53.72597718183847,Europe,IT,Veneto,Venezia
826,1165,KEWR,3130,-206.77552662710664,-89.25553223243202,America,US,New Jersey,Newark
827,1166,4IL3,1,-17.036420146692706,259.0979859215747,America,US,Illinois,Stillman Valley (Byron)
828,1169,7FA8,1,-264.731080424568,210.34118307324945,America,US,Florida,Monticello
829,1170,KTOI,1,-295.6893561317337,262.10081804931286,America,US,Alabama,Troy
830,1171,TX32,1,-119.40924166366409,345.9525861378208,America,US,Texas,Bolivar
831,1172,AZ63,2,-87.09961355157071,430.789368864254,America,US,Arizona,Redrock
832,1173,LFPE,1,85.25971548193563,-63.46361381568207,Europe,FR,Ile-de-France,Creil
833,1175,KCLT,639,-212.54800810585286,113.41727316531023,America,US,North Carolina,Charlotte
834,1176,OBBS,1,233.26184158796593,-48.15860122628432,Asia,BH,,Sitrah
835,1177,KPSP,3,-1.2828870643825472,334.5519357237331,America,US,California,Palm Springs
836,1178,NJ25,1,-178.89134151766032,-44.97452586256347,America,US,New Jersey,Clarksboro
837,1179,TA07,2,-229.2986297668498,298.94678711924644,America,US,Texas,Dayton
838,1180,VIDP,254,280.5825037741907,81.66083810573704,Asia,IN,NCT,New Delhi
839,1182,KAIO,1,-3.2104350580416505,291.60697830229094,America,US,Iowa,Atlantic
840,1183,LBSF,4,212.3394764676092,-22.751172876981418,Europe,BG,Sofia-Capital,Sofia
841,1185,KFXE,89,-343.71011634752983,-21.126391987850077,America,US,Florida,Fort Lauderdale
842,1186,LFRS,20,69.4818056474156,-136.25610240690742,Europe,FR,Pays-de-la-Loire,Nantes
843,1187,LOWW,283,210.31117103815058,28.745281856631877,Europe,AT,Lower-Austria,Vienna
844,1189,KCYO,1,-167.77491393759004,151.08886082937798,America,US,Ohio,Circleville
845,1191,ELLX,4,138.24949729344164,-37.84407374909589,Europe,LU,Luxembourg,Luxembourg
846,1193,KPGD,1,-322.81882917124966,179.92877736788475,America,US,Florida,Punta Gorda
847,1194,KAXV,6,-106.5714582274351,199.2216655096706,America,US,Ohio,Wapakoneta
848,1195,LPPT,681,-4.155586261758459,-204.8831313252641,Europe,PT,Lisbon,Lisbon
849,1196,KPWK,60,-30.484836954816398,260.76616901679563,America,US,Illinois,Chicago/Prospect Heights/Wheeling
850,1197,YSSY,2,71.79822414068245,-237.7934060607364,Australia,AU,New South Wales,Sydney
851,1199,53II,2,-91.82421936404081,212.29918807077405,America,US,Indiana,Woodburn
852,1200,KSAT,15,-146.2009813376842,392.5758053382583,America,US,Texas,San Antonio
853,1201,KBED,232,-46.935015819274945,-97.37703328303164,America,US,Massachusetts,Bedford
854,1202,KART,1,-50.587633607438924,128.67245443633286,America,US,New York,Watertown
855,1204,VT45,22,-65.92696543642477,29.532610243150685,America,US,Vermont,Jericho
856,1206,KCDW,11,-161.75320110151515,-88.78363266039453,America,US,New Jersey,Caldwell
857,1207,NC05,6,-210.68461240206716,112.12034624529814,America,US,North Carolina,Huntersville
858,1209,LIRF,469,157.12572681402327,-169.00772843004086,Europe,IT,Latium,Rome
859,1210,KFFO,1,-146.5665428901723,187.24656538740155,America,US,Ohio,Dayton
860,1211,SBBR,1,-64.74570696649978,-181.2343541115745,America,BR,Federal-District,Brasilia
861,1212,KRSW,7,-356.5220568006709,174.67706933165633,America,US,Florida,Fort Myers
862,1213,LDDU,1,183.0795727553095,-68.045839127287,Europe,HR,Dubrovacko-Neretvanska,Dubrovnik
863,1214,1NK6,1,-107.97867223415759,51.25197460830627,America,US,New York,Wilmington
864,1216,7TS4,1,-164.24976855806463,324.16326171820174,America,US,Texas,Crossroads
865,1217,KLSE,1,28.90711142293614,243.7670273488324,America,US,Wisconsin,La Crosse
866,1218,KT54,1,-188.79228427404394,312.4874910473662,America,US,Texas,Rosenberg
867,1219,CT32,4,-171.48835467601043,-189.9085993089859,America,US,Connecticut,Voluntown
868,1221,KSLC,6,52.18591756133093,300.3066617185453,America,US,Utah,Salt Lake City
869,1222,32PN,1,-150.78554233852452,104.44144507911253,America,US,Pennsylvania,New Brighton
870,1223,KSBM,7,27.83239857007903,199.5858441839768,America,US,Wisconsin,Sheboygan
871,1224,KCRQ,27,-5.873721872906345,348.6450215511651,America,US,California,Carlsbad
872,1225,KVNY,29,34.07483473500758,356.7861488909357,America,US,California,Van Nuys
873,1226,KSDF,470,-173.16047246971834,245.29789598212056,America,US,Kentucky,Louisville
874,1227,KIAH,338,-195.56842752788845,301.2427741400488,America,US,Texas,Houston
875,1228,OI62,9,-116.67031725162602,140.01864048129923,America,US,Ohio,Russell
876,1229,LPPR,92,13.4045463494238,-156.62960162041858,Europe,PT,Porto,Porto
877,1230,KDAL,23,-155.9362080170086,346.8342758594536,America,US,Texas,Dallas
878,1231,KJQF,2,-218.5217559253328,100.58036780684824,America,US,North Carolina,Concord
879,1232,75PA,1,-109.14232234954737,122.35584739209048,America,US,Pennsylvania,Albion
880,1233,KFMY,12,-356.1928725539802,174.64102588007833,America,US,Florida,Fort Myers
